,City,Temp_max,Humidity,wind_speed,city_id,country_code,long,lat,Cloudiness,datetime
0,Flin Flon,64.24,82.0,6.91,5954718.0,CA,-101.865,54.7682,75.0,1685725202.0
1,Severo-Kuril'sk,38.98,95.0,13.65,2121385.0,RU,156.125,50.6789,89.0,1685725206.0
2,Codrington,50.41,94.0,1.97,2171099.0,AU,141.9667,-38.2667,100.0,1685725209.0
3,Bredasdorp,58.5,86.0,1.23,1015776.0,ZA,20.0403,-34.5322,63.0,1685725212.0
4,Kindersley,59.02,82.0,12.66,5992154.0,CA,-109.1682,51.4668,75.0,1685725214.0
5,Kavieng,81.28,78.0,7.9,2094342.0,PG,150.7967,-2.5744,100.0,1685725217.0
6,Brae,49.1,66.0,9.17,2654970.0,GB,-1.353,60.3964,3.0,1685725219.0
7,Hithadhoo,81.72,78.0,5.66,1282256.0,MV,73.0833,-0.6,100.0,1685725223.0
8,Ponta Delgada,68.72,73.0,14.97,3372783.0,PT,-25.6667,37.7333,20.0,1685725228.0
9,Kaitangata,42.17,91.0,7.4,2208248.0,NZ,169.8464,-46.2817,91.0,1685725231.0
10,Neiafu,75.88,88.0,2.3,4032420.0,TO,-173.9833,-18.65,75.0,1685725234.0
11,Busselton,59.43,58.0,10.16,2075265.0,AU,115.3333,-33.65,8.0,1685725237.0
12,Kudahuvadhoo,82.4,77.0,19.51,1337607.0,MV,72.8944,2.6708,100.0,1685725239.0
13,Port Macquarie,51.89,99.0,2.04,2152659.0,AU,152.9167,-31.4333,74.0,1685725241.0
14,Jamestown,83.84,30.0,5.75,5122534.0,US,-79.2353,42.097,20.0,1685725243.0
15,Nantucket,65.35,88.0,8.05,4944903.0,US,-70.0995,41.2835,100.0,1685725245.0
16,São João da Barra,77.09,61.0,14.79,3448903.0,BR,-41.0511,-21.6403,49.0,1685725022.0
17,Castlebar,66.58,64.0,8.86,2965654.0,IE,-9.3,53.85,11.0,1685725249.0
18,Katobu,73.89,95.0,4.7,1640972.0,ID,122.5276,-4.9408,59.0,1685725252.0
19,Port Lincoln,58.5,45.0,6.08,2063036.0,AU,135.8667,-34.7333,94.0,1685725254.0
20,Padampur,85.55,41.0,5.37,1260938.0,IN,73.6167,29.6833,0.0,1685725256.0
21,Cayenne,80.64,83.0,3.44,3382160.0,GF,-52.3333,4.9333,75.0,1685725242.0
22,Norman Wells,60.84,41.0,9.22,6089245.0,CA,-126.8329,65.282,0.0,1685725260.0
23,Upernavik,28.71,92.0,16.51,3418910.0,GL,-56.1549,72.7868,100.0,1685725262.0
24,Ushuaia,44.26,87.0,3.44,3833367.0,AR,-68.3,-54.8,40.0,1685725265.0
25,Tasiilaq,35.76,99.0,6.6,3424607.0,GL,-37.6368,65.6145,100.0,1685725267.0
26,Thunder Bay,69.71,73.0,8.05,6166142.0,CA,-89.3168,48.4001,75.0,1685725087.0
27,Provideniya,32.95,84.0,4.14,4031574.0,RU,-173.3,64.3833,90.0,1685725271.0
28,Cap Malheureux,74.46,56.0,1.01,934649.0,MU,57.6142,-19.9842,0.0,1685725274.0
29,West Wendover,69.01,40.0,10.36,5710035.0,US,-114.0733,40.7391,0.0,1685725276.0
30,Tautira,76.71,63.0,8.05,4033557.0,PF,-149.15,-17.7333,38.0,1685725277.0
31,Avarua,62.65,100.0,2.3,4035715.0,CK,-159.775,-21.2078,75.0,1685725280.0
32,Punta Arenas,41.11,87.0,3.44,3874787.0,CL,-70.9167,-53.15,75.0,1685725035.0
33,Ozernovskiy,40.95,88.0,2.73,2122293.0,RU,156.5167,51.5,100.0,1685725284.0
34,Aksu,72.9,31.0,5.5,1529660.0,CN,80.2644,41.1231,100.0,1685725225.0
35,Arrondissement d'Ajaccio,71.58,57.0,8.05,3038333.0,FR,8.9167,42.0,95.0,1685725289.0
36,Cabedelo,86.67,73.0,13.2,3404558.0,BR,-34.8339,-6.9811,66.0,1685725291.0
37,Dikson,32.59,98.0,12.19,1507390.0,RU,80.5464,73.5069,100.0,1685725293.0
38,Hobart,46.53,81.0,3.44,2163355.0,AU,147.3294,-42.8794,100.0,1685725213.0
39,Vestmannaeyjar,52.79,87.0,13.8,3412093.0,IS,-20.2734,63.4427,40.0,1685725297.0
40,Alofi,71.49,100.0,1.14,4036284.0,NU,-169.9187,-19.0595,57.0,1685725299.0
41,Carnarvon,64.71,51.0,18.77,2074865.0,AU,113.6333,-24.8667,0.0,1685725301.0
42,Saint-Philippe,74.79,68.0,13.0,935215.0,RE,55.7679,-21.3585,53.0,1685725304.0
43,Cabra,73.69,40.0,6.62,2520645.0,ES,-4.4421,37.4725,80.0,1685725306.0
44,Feldbach,73.98,89.0,5.59,2779685.0,AT,15.8883,46.9531,93.0,1685725308.0
45,Tual,82.24,76.0,19.93,1623197.0,ID,132.75,-5.6667,77.0,1685725310.0
46,Longyearbyen,35.44,55.0,5.75,2729907.0,SJ,15.6401,78.2186,0.0,1685725312.0
47,Dukat,46.62,50.0,3.58,2125906.0,RU,155.55,62.55,70.0,1685725314.0
48,Jalu,87.53,22.0,15.7,86049.0,LY,21.5482,29.0331,36.0,1685725316.0
49,Vaini,69.96,73.0,11.5,4032243.0,TO,-175.2,-21.2,20.0,1685725318.0
50,Albany,87.24,43.0,3.0,5106841.0,US,-73.9662,42.6001,10.0,1685725272.0
51,Karaton,75.67,90.0,0.67,1630058.0,ID,106.1045,-6.3424,43.0,1685725323.0
52,Saldanha,55.45,88.0,24.43,3361934.0,ZA,17.9442,-33.0117,92.0,1685725325.0
53,Castro,67.89,45.0,4.59,3466704.0,BR,-50.0119,-24.7911,0.0,1685725327.0
54,Inhambane,75.43,82.0,12.48,1045114.0,MZ,35.3833,-23.865,2.0,1685725329.0
55,Mataura,43.07,92.0,7.02,6201424.0,NZ,168.8643,-46.1927,99.0,1685725331.0
56,Puerto Ayora,80.55,88.0,5.01,3652764.0,EC,-90.3518,-0.7393,74.0,1685725334.0
57,Arraial do Cabo,75.06,78.0,9.22,3471451.0,BR,-42.0278,-22.9661,20.0,1685725308.0
58,Obihiro,54.46,98.0,4.03,2128815.0,JP,143.2044,42.9172,100.0,1685725338.0
59,Penzance,59.59,77.0,10.36,2640377.0,GB,-5.5371,50.1186,40.0,1685725340.0
60,Butaritari,83.71,77.0,15.3,2110227.0,KI,172.7902,3.0707,13.0,1685725344.0
61,Rikitea,76.48,76.0,15.77,4030556.0,PF,-134.9692,-23.1203,98.0,1685725346.0
62,Namatanai,78.94,81.0,1.25,2090021.0,PG,152.4333,-3.6667,97.0,1685725348.0
63,Isangel,75.36,84.0,17.31,2136825.0,VU,169.2667,-19.55,100.0,1685725351.0
64,Saint George,79.38,34.0,4.0,5546220.0,US,-113.5841,37.1041,0.0,1685725160.0
65,Kruisfontein,63.1,40.0,7.0,986717.0,ZA,24.7314,-34.0033,100.0,1685725355.0
66,Mwinilunga,65.37,35.0,4.63,902620.0,ZM,24.4293,-11.7358,3.0,1685725357.0
67,Port Alfred,68.02,50.0,9.13,964432.0,ZA,26.891,-33.5906,100.0,1685725359.0
68,Marzuq,82.94,46.0,5.26,72181.0,YE,46.4667,14.4,89.0,1685725361.0
69,Puerto Escondido,88.97,64.0,7.0,3520994.0,MX,-97.0667,15.85,4.0,1685725111.0
70,Sivaki,48.29,84.0,8.12,2016477.0,RU,126.75,52.6333,100.0,1685725365.0
71,Yellowknife,66.72,30.0,4.61,6185377.0,CA,-114.3525,62.456,20.0,1685725207.0
72,Canchungo,91.53,51.0,11.27,2373951.0,GW,-16.0333,12.0672,100.0,1685725370.0
73,Östersund,45.05,39.0,38.01,2685750.0,SE,14.6357,63.1792,40.0,1685725245.0
74,Fort Nelson,51.39,50.0,0.0,5955902.0,CA,-122.7002,58.8053,100.0,1685725374.0
75,Castelo Branco,75.0,53.0,7.61,2269514.0,PT,-7.4909,39.8222,84.0,1685725376.0
76,Black River,77.7,93.0,7.09,3491355.0,JM,-77.8487,18.0264,100.0,1685725378.0
77,Atuona,79.74,76.0,11.34,4020109.0,PF,-139.0333,-9.8,1.0,1685725380.0
78,Birao,83.01,59.0,6.76,240210.0,CF,22.7882,10.2849,95.0,1685725382.0
79,Ekhabi,34.54,98.0,6.46,2122614.0,RU,142.9671,53.5102,100.0,1685725385.0
80,Barrow,26.62,80.0,9.22,5880054.0,US,-156.7887,71.2906,100.0,1685725211.0
81,Hilo,69.51,99.0,5.75,5855927.0,US,-155.09,19.7297,100.0,1685725389.0
82,Mehamn,40.95,81.0,6.91,778707.0,NO,27.8492,71.0357,75.0,1685725391.0
83,Shingū,73.76,98.0,2.75,1847947.0,JP,135.9833,33.7333,100.0,1685725393.0
84,George Town,84.85,82.0,3.44,1735106.0,MY,100.3354,5.4112,40.0,1685725193.0
85,Russell,82.51,48.0,4.61,4047434.0,US,-85.1999,32.3502,20.0,1685725398.0
86,Sidhi,94.73,21.0,11.23,1256369.0,IN,81.8833,24.4167,57.0,1685725400.0
87,Laramie,47.26,93.0,12.66,5830062.0,US,-105.5911,41.3114,100.0,1685725402.0
88,Bluff,48.92,66.0,21.63,2206939.0,NZ,168.3333,-46.6,83.0,1685725404.0
89,Bayir,63.12,87.0,5.26,304183.0,TR,28.2167,37.2687,44.0,1685725406.0
90,Vila Velha,76.95,63.0,18.41,3445026.0,BR,-40.2925,-20.3297,20.0,1685725322.0
91,Kapaa,72.84,92.0,13.8,5848280.0,US,-159.319,22.0752,100.0,1685725411.0
92,Margate,54.01,75.0,13.0,2643044.0,GB,1.3862,51.3813,87.0,1685725309.0
93,Kamaishi,63.82,92.0,11.21,2112444.0,JP,141.8833,39.2667,100.0,1685725415.0
94,Stăncuţa,73.15,47.0,14.38,666309.0,RO,27.8333,44.9,64.0,1685725417.0
95,Ankang,62.6,94.0,1.52,1789065.0,CN,109.0172,32.68,99.0,1685725419.0
96,Port Elizabeth,61.32,79.0,2.3,964420.0,ZA,25.5701,-33.918,0.0,1685725215.0
97,Morant Bay,74.82,81.0,7.02,3489440.0,JM,-76.4093,17.8815,100.0,1685725423.0
98,São Miguel,86.77,64.0,14.67,3388304.0,BR,-35.3667,-5.4667,49.0,1685725234.0
99,Guerrero Negro,65.52,65.0,17.87,4021858.0,MX,-114.0611,27.9769,93.0,1685725427.0
100,Husavik,56.44,65.0,4.36,2629833.0,IS,-17.3389,66.0449,100.0,1685725430.0
101,Ahipara,52.83,76.0,10.07,2194098.0,NZ,173.1667,-35.1667,11.0,1685725432.0
102,Saint Paul Harbor,47.71,81.0,3.44,5866583.0,US,-152.4072,57.79,75.0,1685725434.0
103,Mahébourg,75.49,60.0,14.97,934322.0,MU,57.7,-20.4081,40.0,1685725436.0
104,Mount Isa,56.97,72.0,0.0,2065594.0,AU,139.5,-20.7333,0.0,1685725255.0
105,Te Anau,43.34,89.0,4.12,2181625.0,NZ,167.7167,-45.4167,97.0,1685725440.0
106,Alenquer,90.16,48.0,5.08,3407980.0,BR,-54.7383,-1.9417,1.0,1685725442.0
107,São Miguel do Araguaia,93.4,33.0,3.76,3448455.0,BR,-50.1628,-13.275,1.0,1685725245.0
108,Kriel,53.82,28.0,3.98,987202.0,ZA,29.2253,-26.2739,0.0,1685725447.0
109,Marsh Harbour,80.78,71.0,4.56,3571913.0,BS,-77.0636,26.5412,87.0,1685725449.0
110,Souillac,75.58,60.0,14.97,933995.0,MU,57.5167,-20.5167,40.0,1685725278.0
111,Tigil',42.49,76.0,2.37,2120612.0,RU,158.6667,57.8,93.0,1685725453.0
112,Kaeo,52.79,89.0,4.81,2189343.0,NZ,173.7833,-35.1,5.0,1685725455.0
113,Cape Town,58.66,78.0,20.71,3369157.0,ZA,18.4232,-33.9258,75.0,1685725428.0
114,Cidreira,71.06,60.0,8.86,3466165.0,BR,-50.2056,-30.1811,0.0,1685725460.0
115,Khatanga,53.28,74.0,8.88,2022572.0,RU,102.5,71.9667,100.0,1685725462.0
116,Karlshamn,52.29,60.0,11.03,2701727.0,SE,14.8619,56.1706,8.0,1685725464.0
117,Pevek,30.52,97.0,7.76,2122090.0,RU,170.3133,69.7008,100.0,1685725466.0
118,Mar del Plata,65.17,86.0,12.66,3430863.0,AR,-57.5575,-38.0023,100.0,1685725468.0
119,Gobabis,68.72,25.0,7.72,3357247.0,NA,18.9667,-22.45,0.0,1685725470.0
120,Gaoyou,71.35,72.0,4.92,1810309.0,CN,119.4278,32.7858,92.0,1685725472.0
121,Bethel,88.75,45.0,5.75,5282297.0,US,-73.414,41.3712,0.0,1685725475.0
122,Santa Maria da Vitória,94.64,26.0,6.64,3450063.0,BR,-44.1886,-13.3947,2.0,1685725477.0
123,Banda Aceh,81.0,83.0,10.54,1215502.0,ID,95.3222,5.5577,100.0,1685725479.0
124,Georgiyevka,71.64,20.0,4.47,1524243.0,KZ,74.7114,43.0369,0.0,1685725481.0
125,Zonguldak,59.31,80.0,1.61,737021.0,TR,31.8333,41.25,76.0,1685725483.0
126,Booué,78.49,89.0,3.04,2401495.0,GA,11.9385,-0.0921,90.0,1685725485.0
127,Siyabuswa,64.13,28.0,3.8,955313.0,ZA,29.0445,-25.1132,0.0,1685725487.0
128,Dunedin,45.81,70.0,8.99,2191562.0,NZ,170.5036,-45.8742,100.0,1685725260.0
129,Roald,47.16,93.0,8.05,3141667.0,NO,6.1333,62.5833,75.0,1685725492.0
130,Tweed,87.64,46.0,6.35,6170799.0,CA,-77.3162,44.4751,67.0,1685725494.0
131,Nanortalik,37.63,97.0,4.54,3421765.0,GL,-45.2371,60.1432,100.0,1685725496.0
132,Port Blair,80.64,89.0,4.61,1259385.0,IN,92.75,11.6667,40.0,1685725498.0
133,Lubango,62.82,58.0,5.79,3347762.0,AO,13.4925,-14.9172,39.0,1685725500.0
134,Shumskiy,55.58,66.0,4.29,1491977.0,RU,99.1328,54.8318,98.0,1685725502.0
135,San Cristobal,84.38,57.0,6.24,3628473.0,VE,-72.225,7.7669,80.0,1685725504.0
136,Nioro,101.53,19.0,4.5,2412408.0,GM,-15.75,13.35,68.0,1685725507.0
137,Thompson,64.56,68.0,3.44,6165406.0,CA,-97.8558,55.7435,40.0,1685725509.0
138,Manaus,90.09,62.0,5.75,3663517.0,BR,-60.025,-3.1019,20.0,1685725511.0
139,Laguna,67.19,62.0,4.61,5364271.0,US,-121.4238,38.421,0.0,1685725513.0
140,Hermanus,60.73,66.0,14.29,3366880.0,ZA,19.2345,-34.4187,45.0,1685725515.0
141,Westport,84.72,52.0,5.75,4845585.0,US,-73.3579,41.1415,0.0,1685725490.0
142,Dicabisagan,80.28,84.0,4.34,1715015.0,PH,122.4157,17.0818,99.0,1685725520.0
143,Newport,67.19,56.0,12.59,2641598.0,GB,-2.9984,51.5877,0.0,1685725522.0
144,Tateyama,73.72,93.0,31.59,1850523.0,JP,139.8667,34.9833,100.0,1685725524.0
145,Kuznechikha,61.59,68.0,4.72,537760.0,RU,42.3348,57.2161,11.0,1685725526.0
146,Poum,74.82,77.0,10.29,2138555.0,NC,164.0167,-20.2333,98.0,1685725528.0
147,Chokurdakh,38.82,71.0,4.5,2126123.0,RU,147.9167,70.6333,98.0,1685725530.0
148,Coquimbo,64.13,67.0,2.3,3893629.0,CL,-71.3436,-29.9533,0.0,1685725533.0
149,Ust-Nera,53.04,77.0,3.33,2120048.0,RU,143.2,64.5667,96.0,1685725535.0
150,Kavaratti,85.62,73.0,9.33,1267390.0,IN,72.642,10.5669,86.0,1685725537.0
151,Eruwa,82.13,75.0,8.81,2338669.0,NG,3.4167,7.5333,100.0,1685725539.0
152,Polyarny,39.54,64.0,9.84,506763.0,RU,33.4478,69.1989,100.0,1685725541.0
153,Ribeira Grande,68.4,83.0,11.5,3372707.0,PT,-28.7,38.5167,40.0,1685725543.0
154,Kalemie,73.56,71.0,1.1,214974.0,CD,29.1947,-5.9475,18.0,1685725545.0
155,Tuktoyaktuk,44.6,70.0,12.66,6170031.0,CA,-133.0374,69.4541,75.0,1685725547.0
156,Tomatlán,88.81,41.0,6.67,3981391.0,MX,-105.25,19.9333,4.0,1685725550.0
157,Bratca,65.88,78.0,3.85,683837.0,RO,22.6167,46.9333,32.0,1685725552.0
158,Chiang Khong,72.7,98.0,0.49,1611197.0,TH,100.4046,20.2613,78.0,1685725554.0
159,Gijang,67.73,83.0,6.33,1842966.0,KR,129.2139,35.2442,100.0,1685725556.0
160,Vao,70.88,68.0,17.45,2137773.0,NC,167.4833,-22.6667,100.0,1685725558.0
161,Marawi,70.83,93.0,2.73,1701054.0,PH,124.2928,7.9986,100.0,1685725560.0
162,Kununurra,62.58,88.0,1.14,2068110.0,AU,128.7333,-15.7667,7.0,1685725563.0
163,Ponta do Sol,73.78,69.0,8.37,2264557.0,PT,-17.1,32.6667,52.0,1685725565.0
164,Vanimo,77.11,89.0,4.21,2084442.0,PG,141.3028,-2.6741,64.0,1685725283.0
165,Kenai,46.87,77.0,17.27,5866063.0,US,-151.2583,60.5544,100.0,1685725569.0
166,Tarnogskiy Gorodok,57.02,71.0,3.51,484314.0,RU,43.5761,60.4997,62.0,1685725571.0
167,Tottori-shi,64.99,93.0,6.49,1849892.0,JP,134.2333,35.5,65.0,1685725521.0
168,Baracoa,81.09,83.0,6.67,3567834.0,CU,-74.4958,20.3467,100.0,1685725575.0
169,Krasnyy Kholm,49.08,96.0,7.49,541704.0,RU,37.1203,58.0607,100.0,1685725577.0
170,Nabire,76.86,91.0,3.69,1634614.0,ID,135.4833,-3.3667,25.0,1685725580.0
171,Zaysan,60.66,36.0,4.94,1517060.0,KZ,84.8667,47.4667,1.0,1685725582.0
172,New Norfolk,42.89,75.0,2.84,2155415.0,AU,147.0587,-42.7826,100.0,1685725584.0
173,Muhos,47.86,72.0,7.02,645765.0,FI,25.9931,64.808,100.0,1685725586.0
174,Sabzawār,83.28,23.0,22.41,118063.0,IR,57.6819,36.2126,80.0,1685725589.0
175,Catuday,80.76,84.0,13.44,1717787.0,PH,119.8062,16.2923,100.0,1685725591.0
176,Enshi,65.7,92.0,5.55,1811720.0,CN,109.4833,30.3,100.0,1685725593.0
177,Timiryazevskiy,65.08,77.0,5.79,1489597.0,RU,84.8769,56.49,99.0,1685725595.0
178,Aklavik,52.12,52.0,15.08,5882953.0,CA,-135.0107,68.2191,100.0,1685725597.0
179,Pochutla,93.81,53.0,6.8,3517970.0,MX,-96.4661,15.7432,18.0,1685725600.0
180,Bathsheba,88.41,74.0,11.5,3374083.0,BB,-59.5167,13.2167,40.0,1685725602.0
181,Salalah,86.09,79.0,5.75,286621.0,OM,54.0924,17.0151,0.0,1685725604.0
182,Airai,59.38,95.0,2.39,1651810.0,TL,125.4092,-8.9266,98.0,1685725606.0
183,Fuyang,70.88,49.0,2.46,1810845.0,CN,115.8167,32.9,98.0,1685725361.0
184,Makakilo City,73.99,75.0,8.05,5850554.0,US,-158.0858,21.3469,40.0,1685725610.0
185,Impfondo,82.63,64.0,2.68,2259655.0,CG,18.0667,1.6381,98.0,1685725612.0
186,Anloga,80.64,81.0,15.88,2304548.0,GH,0.8973,5.7947,100.0,1685725615.0
187,Chui,70.63,66.0,8.5,3443061.0,UY,-53.4616,-33.6971,20.0,1685725617.0
188,Nishihara,76.28,83.0,18.41,1855342.0,JP,127.7558,26.1842,40.0,1685725619.0
189,Bariloche,43.36,77.0,13.18,7647007.0,AR,-71.3082,-41.1456,29.0,1685725621.0
190,Kristianstad,59.14,51.0,10.36,2699310.0,SE,14.1524,56.0313,40.0,1685725623.0
191,Cabo San Lucas,79.63,59.0,6.91,3985710.0,MX,-109.9124,22.8909,75.0,1685725569.0
192,Hunchun,49.89,89.0,4.43,2036653.0,CN,130.3581,42.8675,42.0,1685725627.0
193,Aykhal,54.14,75.0,20.15,2027296.0,RU,111.5,66.0,100.0,1685725630.0
194,Nchelenge,72.37,63.0,1.74,175499.0,ZM,28.734,-9.3451,14.0,1685725632.0
195,Hobyo,82.63,84.0,20.13,57000.0,SO,48.5268,5.3505,8.0,1685725634.0
196,Pechenga,41.36,65.0,4.79,511865.0,RU,31.1703,69.5259,93.0,1685725636.0
197,Hambantota,81.16,83.0,16.69,1244926.0,LK,81.1185,6.1241,91.0,1685725638.0
198,Lompoc,61.34,75.0,4.0,5367788.0,US,-120.4579,34.6391,51.0,1685725641.0
199,Hasaki,75.4,91.0,31.72,2112802.0,JP,140.8333,35.7333,100.0,1685725534.0
200,Departamento de Maldonado,72.54,54.0,12.33,3441890.0,UY,-54.9167,-34.6667,25.0,1685725645.0
201,Naze,72.68,85.0,20.02,1855540.0,JP,129.4833,28.3667,85.0,1685725647.0
202,Nikolskoye,47.62,50.0,7.72,546105.0,RU,30.7861,59.7035,53.0,1685725649.0
203,Dul'durga,45.7,71.0,4.63,2024812.0,RU,113.5931,50.6761,34.0,1685725651.0
204,Leh,47.26,52.0,4.99,1264976.0,IN,77.5833,34.1667,88.0,1685725627.0
205,Lata,70.92,76.0,5.3,2738381.0,PT,-8.3327,40.1629,73.0,1685725656.0
206,Tiksi,36.61,91.0,3.56,2015306.0,RU,128.8694,71.6872,63.0,1685725658.0
207,Qaanaaq,27.1,68.0,1.83,3831208.0,GL,-69.3632,77.484,57.0,1685725660.0
208,Ilulissat,32.02,86.0,11.5,3423146.0,GL,-51.1,69.2167,75.0,1685725662.0
209,Saint-Augustin,41.74,66.0,15.14,6137462.0,CA,-58.6502,51.226,100.0,1685725664.0
210,Saskylakh,46.4,82.0,9.62,2017155.0,RU,114.0833,71.9167,87.0,1685725666.0
211,Tessalit,101.95,7.0,15.19,2449893.0,ML,1.0114,20.1986,16.0,1685725669.0
212,Rayong,83.05,80.0,4.81,1607016.0,TH,101.4333,12.8333,19.0,1685725671.0
213,Sur,90.86,53.0,10.18,286245.0,OM,59.5289,22.5667,5.0,1685725673.0
214,Bereket,85.84,32.0,11.74,161974.0,TM,55.5154,39.2446,1.0,1685725675.0
215,Staraya Kulatka,61.12,68.0,13.02,489164.0,RU,47.6167,52.7167,79.0,1685725677.0
216,Roswell,81.57,56.0,9.22,4219934.0,US,-84.3616,34.0232,40.0,1685725442.0
217,Santa Luzia,75.74,51.0,10.36,3450144.0,BR,-43.8514,-19.7697,0.0,1685725502.0
218,São Filipe,74.97,74.0,5.46,3374210.0,CV,-24.4956,14.8961,12.0,1685725683.0
219,San Luis,71.02,50.0,3.8,3837056.0,AR,-66.3356,-33.295,29.0,1685725686.0
220,Fairbanks,39.69,92.0,6.91,5861897.0,US,-147.7164,64.8378,100.0,1685725396.0
221,Sibolga,78.19,86.0,2.98,1213855.0,ID,98.7792,1.7427,98.0,1685725690.0
222,Pahrump,80.4,27.0,3.0,5509851.0,US,-115.9839,36.2083,0.0,1685725692.0
223,Narsaq,46.62,97.0,0.85,3421719.0,GL,-46.05,60.9167,100.0,1685725694.0
224,Hamilton,87.67,35.0,10.36,4513583.0,US,-84.5333,39.1834,0.0,1685725506.0
225,Fortuna,53.19,89.0,5.75,5563839.0,US,-124.1573,40.5982,75.0,1685725699.0
226,Ayan,38.46,99.0,7.85,2027316.0,RU,138.1667,56.45,100.0,1685725701.0
227,El Dorado,67.42,47.0,5.03,5345659.0,US,-120.5177,38.7666,0.0,1685725703.0
228,Leonidovo,42.44,94.0,1.9,2123805.0,RU,142.8667,49.2833,100.0,1685725705.0
229,Chicama,77.54,65.0,8.05,3698359.0,PE,-79.1469,-7.8447,85.0,1685725707.0
230,Umluj,88.68,45.0,4.79,100926.0,SA,37.2685,25.0213,34.0,1685725709.0
231,Acapulco de Juárez,89.42,66.0,8.05,3533462.0,MX,-99.8901,16.8634,0.0,1685725531.0
232,Santa Maria,75.56,50.0,6.69,3450083.0,BR,-53.8069,-29.6842,44.0,1685725714.0
233,Ubinskoye,68.41,47.0,5.59,1488708.0,RU,79.6802,55.3068,43.0,1685725716.0
234,Flinders,59.5,90.0,1.99,6255012.0,AU,150.8552,-34.5833,100.0,1685725718.0
235,Broome,87.37,38.0,3.0,5110365.0,US,-75.833,42.2506,4.0,1685725720.0
236,Mossamedes,68.16,74.0,17.94,3347019.0,AO,12.1522,-15.1961,2.0,1685725722.0
237,Orange Cove,73.09,48.0,5.75,5379533.0,US,-119.3137,36.6244,0.0,1685725724.0
238,Barra Patuca,89.58,54.0,6.02,3614835.0,HN,-84.2833,15.8,23.0,1685725726.0
239,Arlit,106.34,5.0,11.1,2447513.0,NE,7.3853,18.7369,6.0,1685725729.0
240,Chilia Veche,70.38,51.0,11.16,682117.0,RO,29.2833,45.4167,7.0,1685725731.0
241,Conde,85.46,62.0,17.27,3385077.0,BR,-34.9075,-7.2597,75.0,1685725733.0
242,Bulungu,80.69,62.0,2.08,2316259.0,CD,18.6,-4.55,72.0,1685725735.0
243,Baker City,64.71,43.0,11.5,5712169.0,US,-117.8344,44.7749,0.0,1685725734.0
244,Rājākhera,89.78,34.0,1.23,1258930.0,IN,78.1714,26.8961,41.0,1685725739.0
245,Portland,60.28,63.0,5.75,5746545.0,US,-122.6762,45.5234,20.0,1685725482.0
246,Birkeland,54.46,55.0,14.97,3161532.0,NO,8.2323,58.3309,0.0,1685725743.0
247,Dvinskoy Bereznik,55.83,42.0,2.46,577240.0,RU,42.7072,62.8551,70.0,1685725745.0
248,Jalingo,91.99,48.0,7.38,2336589.0,NG,11.3667,8.8833,46.0,1685725698.0
249,Yar-Sale,57.07,62.0,12.41,1486321.0,RU,70.8333,66.8333,5.0,1685725750.0
250,Tafresh,72.34,18.0,5.53,113636.0,IR,50.013,34.692,0.0,1685725752.0
251,Homer,47.84,71.0,8.99,5864145.0,US,-151.5483,59.6425,100.0,1685725489.0
252,Mandalgovi,49.82,58.0,11.36,2030065.0,MN,106.2708,45.7625,97.0,1685725756.0
253,Kibala,85.84,55.0,3.71,2425791.0,TD,18.3463,9.1104,72.0,1685725758.0
254,Ulladulla,58.78,75.0,5.28,2145554.0,AU,150.4667,-35.35,90.0,1685725509.0
255,Sitka,53.49,66.0,11.5,5557293.0,US,-135.33,57.0531,75.0,1685725762.0
256,Leningradskiy,30.54,95.0,10.63,2123814.0,RU,178.4167,69.3833,100.0,1685725764.0
257,Takāb,61.56,50.0,6.98,113508.0,IR,47.1133,36.4009,7.0,1685725645.0
258,Tarancón,66.87,54.0,2.53,3108317.0,ES,-3.0073,40.0085,82.0,1685725769.0
259,Goderich,68.92,66.0,10.67,5962442.0,CA,-81.7165,43.7501,99.0,1685725771.0
260,Rosa Zarate,87.76,62.0,2.3,3652257.0,EC,-79.4667,0.3333,73.0,1685725773.0
261,Luganville,78.17,89.0,9.26,2136150.0,VU,167.1667,-15.5333,92.0,1685725775.0
262,Druzhba,60.13,83.0,14.27,709584.0,UA,33.9453,52.0428,77.0,1685725777.0
263,Valea lui Mihai,80.31,74.0,16.31,663692.0,RO,22.15,47.5167,57.0,1685725779.0
264,Ancud,51.62,80.0,24.45,3899695.0,CL,-73.8203,-41.8697,99.0,1685725781.0
265,Matagami,78.67,19.0,9.33,6067747.0,CA,-77.6328,49.7502,0.0,1685725783.0
266,Peniche,70.27,74.0,11.72,2264923.0,PT,-9.3811,39.3558,15.0,1685725786.0
267,Miraflores,77.47,33.0,4.23,3761194.0,MX,-98.8083,19.2167,0.0,1685725788.0
268,Lebu,56.61,79.0,12.46,3883457.0,CL,-73.65,-37.6167,9.0,1685725790.0
269,Crawley,61.95,57.0,14.97,2652053.0,GB,-0.1831,51.113,0.0,1685725792.0
270,Khonsa,71.58,66.0,4.54,1266668.0,IN,95.5667,27.0167,8.0,1685725794.0
271,Yumen,69.19,12.0,15.35,1528998.0,CN,97.2,40.2833,77.0,1685725796.0
272,Bubaque,80.22,80.0,12.1,2374583.0,GW,-15.8333,11.2833,84.0,1685725798.0
273,Ribas do Rio Pardo,77.25,55.0,7.49,3451399.0,BR,-53.7592,-20.4431,0.0,1685725800.0
274,Malbork,53.53,63.0,10.65,3092472.0,PL,19.0266,54.0359,2.0,1685725803.0
275,Saint-Leu,69.01,87.0,6.82,6690297.0,RE,55.2833,-21.15,42.0,1685725805.0
276,Arkhara,52.12,92.0,0.58,2027487.0,RU,130.0842,49.4212,100.0,1685725807.0
277,Tura,80.08,33.0,5.41,1254046.0,IN,90.2201,25.5198,0.0,1685725810.0
278,Ingham,88.68,25.0,5.75,4997130.0,US,-84.3833,42.6,40.0,1685725812.0
279,Sarandi,72.14,57.0,8.66,3447998.0,BR,-51.8739,-23.4436,0.0,1685725814.0
280,Biak,76.87,87.0,4.9,1637001.0,ID,122.8766,-0.9131,53.0,1685725816.0
281,Nieuw Amsterdam,91.69,63.0,0.0,3383434.0,SR,-55.0833,5.8833,40.0,1685725818.0
282,Boundiali,88.29,53.0,8.52,2290836.0,CI,-6.4869,9.5217,91.0,1685725821.0
283,Aitape,76.95,84.0,3.62,2101169.0,PG,142.3475,-3.1374,82.0,1685725823.0
284,Manadhoo,83.97,78.0,14.5,1337618.0,MV,73.3833,5.7667,100.0,1685725825.0
285,Ca Mau,81.16,83.0,4.68,1586443.0,VN,105.15,9.1769,95.0,1685725708.0
286,San Patricio,87.26,51.0,13.58,4726521.0,US,-97.5169,28.017,74.0,1685725830.0
287,Portree,59.52,76.0,4.38,2640006.0,GB,-6.1942,57.4129,57.0,1685725832.0
288,Srednekolymsk,49.05,31.0,3.6,2121025.0,RU,153.6833,67.45,8.0,1685725834.0
289,Zhangaözen,82.54,30.0,9.71,607610.0,KZ,52.8,43.3,9.0,1685725836.0
290,Mayo,84.36,58.0,11.5,4362001.0,US,-76.5119,38.8876,0.0,1685725716.0
291,Hualmay,73.44,69.0,9.71,3939761.0,PE,-77.6139,-11.0964,75.0,1685725840.0
292,Púchov,66.76,68.0,11.7,3057963.0,SK,18.326,49.1249,61.0,1685725843.0
293,Hong Kong,85.82,84.0,8.99,1819729.0,HK,114.1577,22.2855,50.0,1685725563.0
294,Dzilam González,88.75,49.0,9.24,3529654.0,MX,-88.9333,21.2833,6.0,1685725848.0
295,Sistranda,44.56,94.0,19.26,3139597.0,NO,8.834,63.7256,100.0,1685725850.0
296,Ondjiva,74.53,28.0,6.55,3346821.0,AO,15.7333,-17.0667,0.0,1685725852.0
297,Taguatinga,95.34,25.0,6.11,6319623.0,BR,-46.5711,-12.3857,2.0,1685725854.0
298,Evensk,51.08,72.0,4.25,2125693.0,RU,159.2333,61.95,39.0,1685725856.0
299,Katsuura,73.99,93.0,31.45,2112309.0,JP,140.3,35.1333,100.0,1685725858.0
300,Ambovombe,71.83,57.0,8.75,1079048.0,MG,46.0833,-25.1667,59.0,1685725861.0
301,Pisco,71.65,68.0,5.75,3932145.0,PE,-76.2167,-13.7,75.0,1685725863.0
302,Lala,76.41,96.0,0.49,1707944.0,PH,123.7458,7.9745,91.0,1685725865.0
303,East London,65.34,59.0,6.91,1006984.0,ZA,27.9116,-33.0153,0.0,1685725867.0
304,Nyurba,48.06,62.0,5.59,2018735.0,RU,118.3319,63.2842,2.0,1685725870.0
305,Baykit,60.78,84.0,3.11,1510689.0,RU,96.37,61.67,100.0,1685725872.0
306,Muyezerskiy,44.55,67.0,6.71,524100.0,RU,31.65,63.9333,99.0,1685725875.0
307,Umarkot,90.75,46.0,16.82,1162959.0,PK,69.7362,25.3616,79.0,1685725701.0
308,Paamiut,34.05,86.0,23.91,3421193.0,GL,-49.6678,61.994,19.0,1685725879.0
309,Gberia Fotombu,86.23,61.0,8.03,2409019.0,SL,-11.1667,9.8833,82.0,1685725881.0
310,Auki,78.31,89.0,3.27,2109701.0,SB,160.7034,-8.7676,95.0,1685725883.0
311,Timmins,77.88,42.0,6.87,6166739.0,CA,-81.3331,48.4669,25.0,1685725754.0
312,Pachino,70.54,69.0,14.32,6539213.0,IT,15.0907,36.7186,1.0,1685725888.0
313,Arrondissement d'Arcachon,82.45,42.0,11.5,6621469.0,FR,-1.0519,44.5875,52.0,1685725890.0
314,Avera,82.54,52.0,11.65,4231997.0,US,-82.5271,33.194,93.0,1685725892.0
315,Bonthe,82.78,77.0,10.67,2409914.0,SL,-12.505,7.5264,97.0,1685725894.0
316,Songjianghe,43.52,83.0,4.97,2034691.0,CN,127.479,42.1859,19.0,1685725897.0
317,Salisbury,64.49,49.0,13.8,2638664.0,GB,-1.7957,51.0693,2.0,1685725715.0
318,Xi'an,60.96,94.0,2.35,1790630.0,CN,108.9286,34.2583,100.0,1685725627.0
319,Touros,83.93,68.0,16.82,3386213.0,BR,-35.4608,-5.1989,35.0,1685725850.0
320,Boda,76.33,79.0,2.48,2388614.0,CF,17.4695,4.3189,74.0,1685725905.0
321,Mayumba,75.88,88.0,9.75,2399001.0,GA,10.6554,-3.432,100.0,1685725907.0
322,Chul'man,45.0,78.0,4.18,2025261.0,RU,124.9104,56.8479,100.0,1685725909.0
323,Tambacounda,100.45,28.0,6.91,2244991.0,SN,-13.7586,13.7539,75.0,1685725911.0
324,Bushehr,87.73,52.0,10.94,139817.0,IR,50.8385,28.9684,0.0,1685725914.0
325,Port Hardy,55.58,76.0,10.36,6111862.0,CA,-127.4199,50.6996,75.0,1685725916.0
326,Shashi,70.48,56.0,11.74,1795816.0,CN,112.2447,30.3072,100.0,1685725918.0
327,Grand-Lahou,78.33,89.0,9.91,2288105.0,CI,-5.0242,5.1367,100.0,1685725920.0
328,State College,87.06,38.0,9.22,5213681.0,US,-77.86,40.7934,0.0,1685725802.0
329,Teguise,73.62,53.0,13.8,2510573.0,ES,-13.564,29.0605,40.0,1685725924.0
330,Magdagachi,47.7,94.0,5.44,2020591.0,RU,125.8,53.45,100.0,1685725927.0
331,Gaozhou,79.95,91.0,3.89,1810295.0,CN,110.8461,21.9392,0.0,1685725929.0
332,Meulaboh,78.76,88.0,3.02,1214488.0,ID,96.1285,4.1363,98.0,1685725931.0
333,Río Gallegos,43.48,66.0,15.08,3838859.0,AR,-69.2181,-51.6226,96.0,1685725933.0
334,Chaihe,49.78,88.0,4.72,2038198.0,CN,129.7,44.7667,84.0,1685725936.0
335,Nikel,42.98,56.0,7.36,522260.0,RU,30.222,69.4128,97.0,1685725938.0
336,Beringovskiy,39.72,87.0,3.31,2126710.0,RU,179.3167,63.05,18.0,1685725940.0
337,Coyhaique,42.75,81.0,6.91,3894426.0,CL,-72.0662,-45.5752,100.0,1685725785.0
338,Vardø,40.98,70.0,6.91,777019.0,NO,31.1107,70.3705,75.0,1685725944.0
339,Talnakh,48.81,98.0,10.76,1490256.0,RU,88.3972,69.4865,100.0,1685725946.0
340,Faya,66.72,63.0,6.38,110690.0,SA,42.4509,18.3851,97.0,1685725949.0
341,Znamenskoye,68.54,74.0,5.17,1485020.0,RU,73.8282,57.1281,75.0,1685725951.0
342,Manavgat,74.34,67.0,6.85,304854.0,TR,31.4431,36.7867,34.0,1685725953.0
343,Cairns,70.83,93.0,11.5,2172797.0,AU,145.7667,-16.9167,75.0,1685725955.0
344,Klaksvík,50.92,86.0,11.45,2618795.0,FO,-6.589,62.2266,27.0,1685725957.0
345,Fonte Boa,83.77,76.0,3.13,6319315.0,BR,-66.2662,-2.4959,49.0,1685725959.0
346,Piaçabuçu,80.46,80.0,8.01,3454005.0,BR,-36.4344,-10.4056,22.0,1685725961.0
347,Havøysund,41.23,79.0,11.72,779622.0,NO,24.6622,70.9963,71.0,1685725964.0
348,Boden,50.0,34.0,5.39,606531.0,SE,21.6886,65.8252,97.0,1685725966.0
349,Nhulunbuy,72.21,94.0,0.0,2064735.0,AU,136.7667,-12.2333,97.0,1685725968.0
350,Kamenka,65.23,59.0,3.36,553766.0,RU,42.7678,51.3223,39.0,1685725970.0
351,Kazachinskoye,65.79,67.0,7.29,1504075.0,RU,93.2761,57.6953,86.0,1685725972.0
352,Geraldton,48.61,87.0,5.75,2070998.0,AU,114.6,-28.7667,0.0,1685725974.0
353,Maxixe,74.68,83.0,10.8,1039536.0,MZ,35.3472,-23.8597,2.0,1685725976.0
354,Leon Valley,84.09,63.0,14.97,4705923.0,US,-98.6186,29.4952,20.0,1685725978.0
355,Nome,32.07,80.0,9.22,5870133.0,US,-165.4064,64.5011,100.0,1685725980.0
356,Manokwari,79.07,83.0,2.95,1636308.0,ID,134.0833,-0.8667,59.0,1685725983.0
357,Grand-Santi,89.28,52.0,2.77,3381538.0,GF,-54.3833,4.25,31.0,1685725985.0
358,Faanui,76.8,63.0,8.86,4034551.0,PF,-151.75,-16.4833,90.0,1685725987.0
359,Clyde River,34.03,64.0,8.05,5924351.0,CA,-68.5914,70.4692,75.0,1685725989.0
360,Kosa,56.71,82.0,4.27,544318.0,RU,54.9977,59.9445,100.0,1685725991.0
361,Blackwater,59.56,92.0,7.09,2175403.0,AU,148.8833,-23.5833,0.0,1685725994.0
362,Assiniboia,64.22,82.0,5.75,5887798.0,CA,-105.9845,49.6334,100.0,1685725996.0
363,Bambous Virieux,75.45,57.0,14.97,1106677.0,MU,57.7575,-20.3428,40.0,1685725998.0
364,Arona,68.72,76.0,10.36,2521582.0,ES,-16.681,28.0996,75.0,1685725977.0
365,Belyy Yar,57.09,54.0,0.0,1510377.0,RU,91.3903,53.6039,0.0,1685726002.0
366,San Miguel,86.54,75.0,5.75,3583446.0,SV,-88.1833,13.4833,40.0,1685726004.0
367,Maniitsoq,33.51,80.0,11.65,3421982.0,GL,-52.9,65.4167,9.0,1685726006.0
368,Freeport,80.92,54.0,10.36,5117949.0,US,-73.5832,40.6576,0.0,1685725937.0
369,Constitución,59.88,74.0,4.81,3893726.0,CL,-72.4167,-35.3333,42.0,1685726011.0
370,Tarakan,82.18,80.0,7.18,1624725.0,ID,117.6333,3.3,100.0,1685726013.0
371,Nirmal,97.9,17.0,7.85,1261288.0,IN,78.35,19.1,60.0,1685726015.0
372,Zmeinogorsk,58.69,71.0,8.99,1485042.0,RU,82.195,51.1567,16.0,1685726017.0
373,Valparaíso,64.08,70.0,6.91,3868626.0,CL,-71.6273,-33.0393,75.0,1685725776.0
374,Caravelas,78.12,68.0,12.57,3466980.0,BR,-39.2481,-17.7125,82.0,1685726021.0
375,Torbay,46.8,96.0,8.05,6167817.0,CA,-52.7314,47.6666,100.0,1685726023.0
376,Le Port,68.77,88.0,8.32,935616.0,RE,55.2919,-20.9373,71.0,1685726025.0
377,Kumul,71.46,22.0,5.48,1529484.0,CN,93.45,42.8,95.0,1685726028.0
378,Inverell,47.66,87.0,4.14,2162662.0,AU,151.1167,-29.7833,29.0,1685726030.0
379,Tortolì,71.15,74.0,6.11,2522890.0,IT,9.6572,39.9256,58.0,1685726032.0
380,Beipiao,65.08,33.0,8.84,2038342.0,CN,120.7792,41.7919,16.0,1685726034.0
381,Novo Aripuanã,91.8,49.0,3.87,3663142.0,BR,-60.3797,-5.1206,31.0,1685726036.0
382,Akdepe,86.09,11.0,5.93,601551.0,TM,59.3788,42.0551,92.0,1685726038.0
383,Pangnirtung,32.0,74.0,12.66,6096551.0,CA,-65.7125,66.1451,75.0,1685725885.0
384,Komatipoort,65.05,68.0,3.36,988290.0,ZA,31.9548,-25.4332,0.0,1685726043.0
385,Kailua,75.7,82.0,1.99,5847486.0,US,-157.7394,21.4022,86.0,1685726045.0
386,Massakory,100.65,26.0,12.77,2428228.0,TD,15.7293,12.996,100.0,1685726047.0
387,Byron Bay,55.71,83.0,3.87,2172880.0,AU,153.6167,-28.65,26.0,1685726049.0
388,Dawson Creek,64.04,45.0,3.44,5935804.0,CA,-120.2362,55.7666,20.0,1685726051.0
389,Port-Gentil,78.69,85.0,15.68,2396518.0,GA,8.7815,-0.7193,98.0,1685726053.0
390,Augusto Corrêa,85.39,76.0,4.0,3406961.0,BR,-46.635,-1.0217,2.0,1685726055.0
391,Araouane,104.34,9.0,11.88,2460954.0,ML,-3.5265,18.9048,32.0,1685726058.0
392,Coahuayana Viejo,89.19,42.0,6.24,4013679.0,MX,-103.6833,18.7333,0.0,1685726060.0
393,Mount Gambier,49.53,97.0,3.0,2156643.0,AU,140.7667,-37.8333,100.0,1685726062.0
394,Swan River,66.09,94.0,6.91,6160362.0,CA,-101.2676,52.1058,86.0,1685726064.0
395,Bima,72.39,94.0,4.45,1648759.0,ID,118.7167,-8.4667,81.0,1685726066.0
396,Cherskiy,42.91,48.0,6.04,2126199.0,RU,161.3,68.75,100.0,1685726069.0
397,Adrar,96.76,13.0,11.45,2381972.0,MR,-10.0711,20.5022,35.0,1685726071.0
398,Egvekinot,28.17,68.0,1.66,4031742.0,RU,-179.1667,66.3167,73.0,1685726073.0
399,Comodoro Rivadavia,57.06,33.0,27.63,3860443.0,AR,-67.5,-45.8667,0.0,1685726075.0
400,Volchikha,64.4,49.0,5.86,1486983.0,RU,80.3833,52.0333,29.0,1685725824.0
401,Paita,78.8,71.0,8.12,3694112.0,PE,-81.1144,-5.0892,52.0,1685726079.0
402,Calama,75.69,5.0,13.8,3897347.0,CL,-68.9333,-22.4667,0.0,1685726081.0
403,Abalak,66.81,72.0,7.72,1512223.0,RU,68.5944,58.1286,95.0,1685726083.0
404,Atar,96.26,17.0,13.8,2381334.0,MR,-13.0499,20.5169,54.0,1685726085.0
405,Venado Tuerto,71.76,63.0,17.94,3833062.0,AR,-61.9688,-33.7456,98.0,1685726088.0
406,Ostrovnoy,37.53,80.0,12.53,556268.0,RU,39.5131,68.0531,100.0,1685726090.0
407,Praia,81.14,61.0,20.71,3374333.0,CV,-23.5087,14.9215,20.0,1685726092.0
408,Campoverde,85.69,45.0,1.66,3733380.0,PE,-74.8058,-8.4753,60.0,1685726094.0
409,Peebles,63.54,44.0,3.0,2640526.0,GB,-3.1888,55.6519,74.0,1685726096.0
410,Ngunguru,52.41,80.0,8.48,2186111.0,NZ,174.5,-35.6167,12.0,1685726098.0
411,Haines Junction,51.75,40.0,3.44,5969025.0,CA,-137.5108,60.7522,95.0,1685726100.0
412,Chernyshevsk,46.63,74.0,4.47,2025458.0,RU,117.0174,52.5243,38.0,1685726102.0
413,Makiyivka,67.21,52.0,2.28,702320.0,UA,37.9258,48.0478,10.0,1685726105.0
414,Petropavlovsk-Kamchatskiy,37.99,100.0,2.24,2122104.0,RU,158.6483,53.0452,75.0,1685726107.0
415,Los Llanos de Aridane,70.12,77.0,5.99,2514651.0,ES,-17.9182,28.6585,75.0,1685726109.0
416,Nuevo Progreso,84.88,61.0,5.01,3522526.0,MX,-97.95,23.1667,41.0,1685726111.0
417,Norsup,78.28,85.0,11.01,2135517.0,VU,167.3833,-16.0667,91.0,1685726113.0
418,Yulara,55.24,39.0,4.16,6355222.0,AU,130.9889,-25.2406,0.0,1685726115.0
419,Hohhot,53.89,47.0,4.47,2036892.0,CN,111.6522,40.8106,0.0,1685726118.0
420,Bowen,68.58,82.0,10.25,2174444.0,AU,148.2333,-20.0167,90.0,1685725885.0
421,Smoky Lake,64.96,68.0,6.91,6150293.0,CA,-112.4686,54.1169,13.0,1685726122.0
422,Angoram,73.26,99.0,2.44,2100765.0,PG,144.0661,-4.0625,100.0,1685726124.0
423,Itarema,83.28,75.0,13.29,3393692.0,BR,-39.9167,-2.9248,9.0,1685725966.0
424,La Asuncion,98.33,47.0,17.27,3480908.0,VE,-63.8628,11.0333,7.0,1685726087.0
425,Berlevåg,41.07,81.0,8.05,780687.0,NO,29.0864,70.8578,75.0,1685726130.0
426,Ambilobe,73.22,72.0,5.14,1082243.0,MG,49.05,-13.2,3.0,1685726133.0
427,Teya,62.53,80.0,3.74,1489656.0,RU,92.6267,60.3778,100.0,1685726135.0
428,Máncora,80.74,73.0,6.29,3695000.0,PE,-81.0475,-4.1078,90.0,1685726137.0
429,Crotone,73.35,68.0,10.36,2524881.0,IT,17.1178,39.0851,0.0,1685726139.0
430,Sechura,81.25,62.0,5.44,3691954.0,PE,-80.8222,-5.5569,29.0,1685726141.0
431,Tarko-Sale,60.8,56.0,15.64,1490085.0,RU,77.785,64.9225,8.0,1685726143.0
432,Yerofey Pavlovich,50.58,69.0,4.09,2012938.0,RU,121.9667,53.9667,100.0,1685726145.0
433,Doha,94.23,17.0,16.11,290030.0,QA,51.5333,25.2867,0.0,1685726148.0
434,Palmer,90.41,38.0,4.61,4946620.0,US,-72.3287,42.1584,20.0,1685726150.0
435,Darhan,52.41,72.0,3.02,2031964.0,MN,105.9228,49.4867,92.0,1685726152.0
436,Rantauprapat,75.51,96.0,2.42,1214073.0,ID,99.8333,2.1,69.0,1685726154.0
437,Arroyo de la Encomienda,69.26,61.0,4.61,3129371.0,ES,-4.7969,41.6096,40.0,1685726112.0
438,Keetmanshoop,66.09,19.0,9.31,3356264.0,NA,18.1333,-26.5833,48.0,1685726158.0
439,Staryy Nadym,59.77,55.0,9.15,1490918.0,RU,72.6842,65.6118,13.0,1685726160.0
440,Beloha,69.08,63.0,0.47,1067565.0,MG,45.05,-25.1667,72.0,1685726162.0
441,Kelvington,73.71,66.0,7.92,5990669.0,CA,-103.5343,52.1667,77.0,1685726164.0
442,Munger,93.99,21.0,5.26,1262482.0,IN,86.4667,25.3833,1.0,1685726167.0
443,Grindavik,52.27,87.0,8.05,3416888.0,IS,-22.4338,63.8424,0.0,1685726169.0
444,Kangaatsiaq,30.34,75.0,9.33,3422683.0,GL,-53.4641,68.3065,62.0,1685726171.0
445,Omsukchan,48.45,49.0,3.74,2122493.0,RU,155.8,62.5333,71.0,1685726173.0
446,Quzhou,75.22,74.0,4.36,1797264.0,CN,118.8686,28.9594,13.0,1685726175.0
447,Neijiang,65.23,94.0,8.28,1799491.0,CN,105.0622,29.5835,100.0,1685726178.0
448,Bonavista,40.44,97.0,14.92,5905393.0,CA,-53.1147,48.6499,100.0,1685726180.0
449,Pauini,83.43,73.0,2.26,3662927.0,BR,-66.9764,-7.7136,90.0,1685726182.0
450,Poso,78.22,83.0,4.81,1630723.0,ID,120.7524,-1.3959,35.0,1685726184.0
451,Hervey Bay,65.73,80.0,5.7,2146219.0,AU,152.8535,-25.2986,12.0,1685725928.0
452,Gambēla,79.39,68.0,3.89,337405.0,ET,34.5833,8.25,96.0,1685726188.0
453,Hede,65.71,76.0,6.22,1808744.0,CN,120.2517,33.7681,97.0,1685726190.0
454,Alice Springs,47.75,53.0,1.14,2077895.0,AU,133.8833,-23.7,0.0,1685726108.0
455,Tazmalt,63.23,87.0,7.99,2477537.0,DZ,4.3989,36.3868,99.0,1685726195.0
456,Mangaratiba,76.06,77.0,5.03,3457991.0,BR,-44.0406,-22.9597,25.0,1685726197.0
457,Porto-Novo,81.82,76.0,9.62,2392087.0,BJ,2.6036,6.4965,100.0,1685726199.0
458,Sabha,97.21,13.0,8.23,2212775.0,LY,14.4283,27.0377,0.0,1685726201.0
459,Salinópolis,83.97,74.0,7.09,3389822.0,BR,-47.3561,-0.6136,9.0,1685726203.0
460,Riyadh,95.14,14.0,15.26,108410.0,SA,46.7219,24.6877,89.0,1685725970.0
461,Jönköping,55.11,43.0,6.91,2702979.0,SE,14.1562,57.7814,7.0,1685726208.0
462,Yatou,60.8,59.0,8.1,1786855.0,CN,122.3833,37.15,0.0,1685726210.0
463,Jaru,84.22,67.0,3.87,3925040.0,BR,-62.4664,-10.4389,64.0,1685726212.0
464,Yashan,79.86,94.0,2.93,1786867.0,CN,109.9419,22.1975,6.0,1685726214.0
465,Bamiantong,49.51,94.0,4.74,2038482.0,CN,130.5333,44.9333,85.0,1685726216.0
466,Boa Vista,91.38,46.0,6.91,3664980.0,BR,-60.6733,2.8197,40.0,1685725964.0
467,Barra do Bugres,90.55,44.0,1.59,3470718.0,BR,-57.1811,-15.0725,0.0,1685726220.0
468,Butembo,60.67,90.0,2.62,217562.0,CD,29.2833,0.15,53.0,1685726222.0
469,Talaya,47.44,64.0,3.94,2120769.0,RU,152.75,61.3833,49.0,1685726225.0
470,Vengurla,82.63,78.0,10.54,1253257.0,IN,73.6333,15.8667,100.0,1685726227.0
471,Maracaçumé,88.52,59.0,3.22,3395497.0,BR,-45.9592,-2.0428,18.0,1685726229.0
472,Nouadhibou,73.38,73.0,21.85,2377457.0,MR,-17.0347,20.931,4.0,1685726231.0
473,La Celia,69.39,75.0,1.43,3679542.0,CO,-76.0167,5.0433,100.0,1685726233.0
474,Lüderitz,54.52,88.0,11.79,3355672.0,NA,15.1594,-26.6481,97.0,1685726235.0
475,Carutapera,85.86,72.0,4.83,3402648.0,BR,-46.02,-1.195,12.0,1685726238.0
476,Yauya,58.66,27.0,4.12,3690733.0,PE,-77.3,-8.9833,92.0,1685726240.0
477,Port Said,76.17,72.0,15.35,358619.0,EG,32.2841,31.2565,0.0,1685726242.0
478,Sambava,74.3,80.0,11.52,1056899.0,MG,50.1667,-14.2667,15.0,1685726244.0
479,Kafanchan,82.44,65.0,4.41,2335713.0,NG,8.3,9.5833,87.0,1685726247.0
480,Neftçala,72.41,74.0,9.57,147425.0,AZ,49.2472,39.3742,10.0,1685726249.0
481,Yhú,76.24,52.0,8.25,3436595.0,PY,-55.9167,-25.05,0.0,1685726251.0
482,Necochea,61.79,85.0,11.32,3430443.0,AR,-58.7368,-38.5473,100.0,1685726220.0
483,Muros,70.92,70.0,3.65,3115824.0,ES,-9.0603,42.7762,38.0,1685726255.0
484,Linxia Chengguanzhen,51.33,85.0,0.76,1803331.0,CN,103.2064,35.6003,100.0,1685726257.0
485,Tripoli,72.21,68.0,15.3,2210247.0,LY,13.1875,32.8752,58.0,1685726259.0
486,Ixtapa,83.43,58.0,11.5,4004293.0,MX,-105.2,20.7,0.0,1685726262.0
487,Santiago del Estero,76.8,60.0,13.78,3835869.0,AR,-64.2615,-27.7951,82.0,1685726264.0
488,Uribia,90.52,54.0,5.77,3666409.0,CO,-72.266,11.7139,100.0,1685726266.0
489,Rome,86.07,47.0,8.05,5134295.0,US,-75.4557,43.2128,0.0,1685726268.0
490,Xuanzhou,71.38,73.0,5.55,1788081.0,CN,118.7553,30.9525,15.0,1685726270.0
491,Arrondissement de Muret,73.2,66.0,1.01,2991152.0,FR,1.25,43.3333,76.0,1685726272.0
492,Orlik,43.84,66.0,0.6,1496073.0,RU,99.825,52.5178,84.0,1685726274.0
493,Toyoake,67.98,95.0,3.36,1856057.0,JP,137.0137,35.0594,100.0,1685726277.0
494,Ibrā’,95.22,13.0,9.33,287832.0,OM,58.5334,22.6906,49.0,1685726279.0
495,Ayagoz,59.49,39.0,9.57,1525988.0,KZ,80.4392,47.9714,0.0,1685726281.0
496,Deputatsky,37.89,64.0,2.93,2028164.0,RU,139.9,69.3,83.0,1685726283.0
497,Moyale,70.05,61.0,5.32,186180.0,KE,39.0584,3.5167,75.0,1685726286.0
498,Gresik,80.51,86.0,4.7,1643776.0,ID,112.6561,-7.1539,100.0,1685726288.0
499,Tsushima,68.67,94.0,4.18,1849539.0,JP,136.7167,35.1667,100.0,1685726290.0
500,Boralday,64.26,36.0,4.47,1526384.0,KZ,76.8594,43.3578,40.0,1685726293.0
501,Mahina,73.17,64.0,6.91,4034307.0,PF,-149.489,-17.5065,40.0,1685726295.0
502,Ust-Maya,51.96,96.0,0.54,2013918.0,RU,134.5333,60.4167,100.0,1685726297.0
503,General Pico,71.42,58.0,2.68,3855075.0,AR,-63.7568,-35.6566,99.0,1685726299.0
504,Labuan,80.96,89.0,0.0,1733782.0,MY,115.2417,5.2767,20.0,1685726301.0
505,Saint Anthony,82.22,57.0,10.36,5044290.0,US,-93.218,45.0205,40.0,1685726303.0
506,Iqaluit,36.7,64.0,10.36,5983720.0,CA,-68.5145,63.7506,40.0,1685726306.0
507,Haapiti,72.72,61.0,7.47,4034438.0,PF,-149.8667,-17.5667,33.0,1685726308.0
508,Sarankhola,84.76,79.0,7.94,1185239.0,BD,89.7897,22.3082,45.0,1685726310.0
509,Odienné,88.12,56.0,6.69,2283016.0,CI,-7.5692,9.51,96.0,1685726312.0
510,Miles City,74.37,60.0,18.41,5666176.0,US,-105.8406,46.4083,40.0,1685726314.0
511,Daru,77.38,89.0,16.22,2098329.0,PG,143.2092,-9.0763,100.0,1685726316.0
512,Umm Kaddadah,99.09,17.0,8.32,364933.0,SD,26.6876,13.6017,16.0,1685726318.0
513,Skegness,56.8,77.0,15.84,2637762.0,GB,0.3363,53.1436,3.0,1685726320.0
514,Saint-François,78.24,41.0,10.36,2980080.0,FR,3.9054,46.4154,0.0,1685726323.0
515,Semey,66.18,45.0,11.18,1519422.0,KZ,80.2275,50.4111,8.0,1685726325.0
516,Esperance,58.05,72.0,16.28,2071860.0,AU,121.9,-33.8667,100.0,1685726327.0
517,Selkirk,85.33,51.0,5.01,6144054.0,CA,-96.8845,50.1436,85.0,1685726330.0
518,Mahajanga,79.66,58.0,13.51,1062663.0,MG,46.3167,-15.7167,3.0,1685726224.0
519,Ruwi,98.29,43.0,1.23,287286.0,OM,58.5507,23.5996,36.0,1685726334.0
520,Pucallpa,86.04,58.0,5.75,3693345.0,PE,-74.5539,-8.3791,40.0,1685726336.0
521,Ginda,57.42,60.0,6.87,1253628.0,IN,78.4932,30.6945,37.0,1685726338.0
522,Hare Bay,46.0,79.0,9.28,5970873.0,CA,-54.0148,48.8499,100.0,1685726341.0
523,Kabalo,81.5,41.0,3.53,215668.0,CD,26.9167,-6.05,51.0,1685726343.0
524,Cockburn Town,79.77,83.0,7.27,3576994.0,TC,-71.1419,21.4612,100.0,1685726345.0
525,Kolomyia,61.41,88.0,10.76,705392.0,UA,25.0403,48.5306,72.0,1685726347.0
526,Odawara,69.03,94.0,16.8,1854747.0,JP,139.1597,35.2556,100.0,1685726349.0
527,Santa Cruz de la Sierra,78.85,73.0,18.41,3904906.0,BO,-63.1667,-17.8,75.0,1685726352.0
528,Derzhavīnsk,82.11,25.0,8.75,1524606.0,KZ,66.3167,51.1,24.0,1685726355.0
529,Raduzhny,65.08,55.0,2.77,1540356.0,RU,77.475,62.0961,97.0,1685726357.0
530,Gulariyā,84.18,28.0,5.23,1283368.0,NP,81.3333,28.2333,0.0,1685726359.0
531,Oudtshoorn,66.56,45.0,8.1,967106.0,ZA,22.2014,-33.5907,100.0,1685726361.0
532,Ruteng,60.51,91.0,2.91,1629380.0,ID,120.4721,-8.6136,67.0,1685726363.0
533,Sokolac,59.58,97.0,1.81,3190385.0,BA,18.8017,43.9397,100.0,1685726365.0
534,Jieshi,82.02,86.0,6.71,1805857.0,CN,115.8257,22.8134,57.0,1685726368.0
535,Porto Velho,82.45,74.0,3.44,3662762.0,BR,-63.9039,-8.7619,75.0,1685726370.0
536,Olinda,83.93,65.0,9.22,3393536.0,BR,-34.8553,-8.0089,75.0,1685726372.0
537,Vallenar,73.63,35.0,4.63,3868633.0,CL,-70.7581,-28.5708,3.0,1685726375.0
538,Bud,86.92,34.0,8.97,4255151.0,US,-86.1758,39.447,0.0,1685726377.0
539,Dhārchula,65.91,53.0,6.2,1272864.0,IN,80.5333,29.85,20.0,1685726379.0
540,Mabaruma,83.88,79.0,3.11,3377301.0,GY,-59.7833,8.2,96.0,1685726381.0
541,Nemuro,47.32,99.0,12.08,2128975.0,JP,145.575,43.3236,100.0,1685726383.0
542,Caucayá,78.35,88.0,4.0,3671437.0,CO,-74.7819,-0.1934,97.0,1685726385.0
543,Vanderhoof,60.13,43.0,0.49,6173361.0,CA,-124.0198,54.0166,100.0,1685726387.0
544,Maravilha,74.8,48.0,7.0,3457809.0,BR,-53.1725,-26.7608,0.0,1685726389.0
545,Nanlong,63.32,94.0,6.69,1799908.0,CN,106.0631,31.3533,100.0,1685726392.0
546,Seryshevo,46.36,75.0,10.56,2016942.0,RU,128.3786,51.0933,82.0,1685726394.0
547,Les Cayes,82.54,80.0,15.21,3728097.0,HT,-73.75,18.2,100.0,1685726396.0
548,Lagoa,65.12,85.0,17.72,3372964.0,PT,-27.9833,39.05,78.0,1685726398.0
549,Pacifica,60.04,74.0,5.01,5380420.0,US,-122.4869,37.6138,20.0,1685726400.0
550,Northam,67.24,70.0,12.08,2641434.0,GB,-4.2167,51.0333,0.0,1685726402.0
551,Rio Grande,80.71,73.0,8.34,3451138.0,BR,-52.0986,-32.035,0.0,1685726404.0
552,Gejiu,60.28,84.0,2.3,1810240.0,CN,103.1635,23.306,92.0,1685726407.0
553,Opuwo,72.52,23.0,8.28,3354077.0,NA,13.84,-18.0607,0.0,1685726409.0
554,La Ronge,62.85,77.0,4.61,6050066.0,CA,-105.2842,55.1001,100.0,1685726411.0
555,Yazykovo,67.84,66.0,8.79,468483.0,RU,56.1353,55.2199,27.0,1685726413.0
556,Batticaloa,84.45,76.0,6.22,1250161.0,LK,81.6924,7.7102,100.0,1685726415.0
557,Khasan,53.08,81.0,6.42,2039557.0,RU,130.6434,42.4308,14.0,1685726417.0
558,Kattivākkam,89.08,77.0,14.85,1267433.0,IN,80.3167,13.2167,72.0,1685726420.0
559,Arrondissement de Saint-Denis,68.23,48.0,14.97,2980915.0,FR,2.3333,48.9167,0.0,1685726422.0
560,Ende,73.81,88.0,2.84,1644932.0,ID,121.6623,-8.8432,86.0,1685726424.0
561,Harlingen,86.4,79.0,11.5,4696233.0,US,-97.6961,26.1906,75.0,1685726426.0
562,Zhicheng,71.74,52.0,4.94,1784554.0,CN,111.5047,30.2956,100.0,1685726428.0
563,Havelock,74.89,86.0,8.05,4470244.0,US,-76.9013,34.8791,100.0,1685726183.0
564,Madimba,75.97,81.0,9.26,878141.0,TZ,40.3333,-10.4,4.0,1685726433.0
565,Pacific Grove,56.44,76.0,8.05,5380437.0,US,-121.9166,36.6177,75.0,1685726188.0
566,Esim,79.61,84.0,10.27,2303611.0,GH,-2.2405,4.8699,100.0,1685726437.0
567,Gorontalo,76.14,96.0,2.08,1643837.0,ID,123.0595,0.5412,8.0,1685726439.0
568,Vaitape,76.78,63.0,8.81,4033077.0,PF,-151.75,-16.5167,90.0,1685726441.0
569,Ottawa,88.83,41.0,12.66,6094817.0,CA,-75.6981,45.4112,75.0,1685726360.0
570,Petropavl,75.31,37.0,10.83,1520172.0,KZ,69.1628,54.8753,35.0,1685726446.0
571,Bossangoa,85.82,48.0,3.8,2388036.0,CF,17.4552,6.4926,99.0,1685726448.0
572,Lavrentiya,30.54,93.0,3.31,4031637.0,RU,-171.0,65.5833,95.0,1685726450.0
573,Muskegon,83.64,27.0,8.05,5003136.0,US,-86.1334,43.3,75.0,1685726452.0
574,Lālmohan,84.9,83.0,13.58,1185251.0,BD,90.7419,22.3384,60.0,1685726454.0
575,Gainesville,83.17,57.0,9.22,4156404.0,US,-82.3248,29.6516,75.0,1685726196.0
