,City,Temp_max,Humidity,wind_speed,city_id,country_code,long,lat,Cloudiness
0,Flin Flon,56.16,99.0,5.55,5954718.0,CA,-101.865,54.7682,58.0
1,Severo-Kuril'sk,43.12,96.0,20.11,2121385.0,RU,156.125,50.6789,100.0
2,Codrington,57.42,69.0,10.74,2171099.0,AU,141.9667,-38.2667,60.0
3,Bredasdorp,53.6,93.0,7.31,1015776.0,ZA,20.0403,-34.5322,9.0
4,Kindersley,57.22,77.0,6.91,5992154.0,CA,-109.1682,51.4668,40.0
5,Kavieng,83.07,76.0,20.18,2094342.0,PG,150.7967,-2.5744,100.0
6,Brae,48.9,92.0,24.56,2654970.0,GB,-1.353,60.3964,76.0
7,Hithadhoo,83.16,73.0,6.96,1282256.0,MV,73.0833,-0.6,97.0
8,Ponta Delgada,61.52,88.0,3.44,3372783.0,PT,-25.6667,37.7333,40.0
9,Kaitangata,58.93,72.0,2.42,2208248.0,NZ,169.8464,-46.2817,100.0
10,Neiafu,79.48,94.0,9.22,4032420.0,TO,-173.9833,-18.65,40.0
11,Busselton,66.96,66.0,12.95,2075265.0,AU,115.3333,-33.65,100.0
12,Kudahuvadhoo,83.62,73.0,9.82,1337607.0,MV,72.8944,2.6708,33.0
13,Port Macquarie,67.89,36.0,3.74,2152659.0,AU,152.9167,-31.4333,2.0
14,Jamestown,56.01,85.0,4.61,5122534.0,US,-79.2353,42.097,0.0
15,Nantucket,58.3,83.0,17.96,4944903.0,US,-70.0995,41.2835,1.0
16,São João da Barra,64.15,89.0,4.65,3448903.0,BR,-41.0511,-21.6403,12.0
17,Castlebar,46.96,83.0,3.2,2965654.0,IE,-9.3,53.85,100.0
18,Katobu,83.43,64.0,7.72,1640972.0,ID,122.5276,-4.9408,60.0
19,Port Lincoln,63.7,69.0,12.97,2063036.0,AU,135.8667,-34.7333,50.0
20,Padampur,85.71,46.0,3.78,1260938.0,IN,73.6167,29.6833,100.0
21,Cayenne,75.24,94.0,4.61,3382160.0,GF,-52.3333,4.9333,100.0
22,Norman Wells,55.44,62.0,12.66,6089245.0,CA,-126.8329,65.282,75.0
23,Upernavik,13.75,78.0,11.39,3418910.0,GL,-56.1549,72.7868,100.0
24,Ushuaia,44.26,81.0,5.75,3833367.0,AR,-68.3,-54.8,40.0
25,Tasiilaq,35.76,63.0,2.62,3424607.0,GL,-37.6368,65.6145,100.0
26,Thunder Bay,48.11,71.0,3.44,6166142.0,CA,-89.3168,48.4001,20.0
27,Provideniya,35.71,87.0,11.18,4031574.0,RU,-173.3,64.3833,75.0
28,Cap Malheureux,80.47,67.0,8.99,934649.0,MU,57.6142,-19.9842,52.0
29,West Wendover,63.61,52.0,3.44,5710035.0,US,-114.0733,40.7391,75.0
30,Tautira,81.68,70.0,16.73,4033557.0,PF,-149.15,-17.7333,73.0
31,Avarua,77.05,94.0,5.75,4035715.0,CK,-159.775,-21.2078,100.0
32,Punta Arenas,46.51,81.0,14.97,3874787.0,CL,-70.9167,-53.15,0.0
33,Ozernovskiy,45.05,88.0,14.79,2122293.0,RU,156.5167,51.5,100.0
34,Aksu,74.16,27.0,2.3,1529660.0,CN,80.2644,41.1231,5.0
35,Arrondissement d'Ajaccio,62.89,69.0,5.75,3038333.0,FR,8.9167,42.0,0.0
36,Cabedelo,75.87,88.0,8.84,3404558.0,BR,-34.8339,-6.9811,48.0
37,Dikson,31.68,93.0,7.61,1507390.0,RU,80.5464,73.5069,12.0
38,Hobart,50.02,59.0,17.27,2163355.0,AU,147.3294,-42.8794,20.0
39,Vestmannaeyjar,47.37,94.0,10.47,3412093.0,IS,-20.2734,63.4427,100.0
40,Alofi,78.69,89.0,9.22,4036284.0,NU,-169.9187,-19.0595,40.0
41,Carnarvon,76.8,45.0,9.19,2074865.0,AU,113.6333,-24.8667,100.0
42,Saint-Philippe,78.39,76.0,12.73,935215.0,RE,55.7679,-21.3585,87.0
43,Cabra,56.55,86.0,2.06,2520645.0,ES,-4.4421,37.4725,7.0
44,Feldbach,60.64,73.0,2.57,2779685.0,AT,15.8883,46.9531,7.0
45,Tual,81.19,82.0,21.97,1623197.0,ID,132.75,-5.6667,80.0
46,Longyearbyen,33.64,69.0,21.85,2729907.0,SJ,15.6401,78.2186,40.0
47,Dukat,48.78,65.0,7.14,2125906.0,RU,155.55,62.55,96.0
48,Jalu,69.8,58.0,6.2,86049.0,LY,21.5482,29.0331,0.0
49,Vaini,77.16,88.0,14.97,4032243.0,TO,-175.2,-21.2,75.0
50,Albany,58.12,64.0,1.99,5106841.0,US,-73.9662,42.6001,0.0
51,Karaton,88.99,56.0,1.77,1630058.0,ID,106.1045,-6.3424,34.0
52,Saldanha,51.85,81.0,11.03,3361934.0,ZA,17.9442,-33.0117,0.0
53,Castro,54.12,98.0,5.32,3466704.0,BR,-50.0119,-24.7911,100.0
54,Inhambane,64.38,88.0,4.61,1045114.0,MZ,35.3833,-23.865,20.0
55,Mataura,52.68,90.0,3.58,6201424.0,NZ,168.8643,-46.1927,100.0
56,Puerto Ayora,76.55,96.0,6.26,3652764.0,EC,-90.3518,-0.7393,100.0
57,Arraial do Cabo,72.77,81.0,14.74,3471451.0,BR,-42.0278,-22.9661,83.0
58,Obihiro,72.81,65.0,6.82,2128815.0,JP,143.2044,42.9172,36.0
59,Penzance,56.08,82.0,18.37,2640377.0,GB,-5.5371,50.1186,9.0
60,Butaritari,84.29,75.0,12.97,2110227.0,KI,172.7902,3.0707,50.0
61,Rikitea,72.48,59.0,12.84,4030556.0,PF,-134.9692,-23.1203,47.0
62,Namatanai,83.91,73.0,10.87,2090021.0,PG,152.4333,-3.6667,66.0
63,Isangel,75.49,73.0,8.84,2136825.0,VU,169.2667,-19.55,53.0
64,Saint George,70.12,24.0,4.61,5546220.0,US,-113.5841,37.1041,0.0
65,Kruisfontein,53.89,79.0,1.03,986717.0,ZA,24.7314,-34.0033,97.0
66,Mwinilunga,62.15,55.0,4.07,902620.0,ZM,24.4293,-11.7358,19.0
67,Port Alfred,60.19,95.0,3.58,964432.0,ZA,26.891,-33.5906,71.0
68,Marzuq,83.7,36.0,6.29,72181.0,YE,46.4667,14.4,92.0
69,Puerto Escondido,82.44,77.0,3.22,3520994.0,MX,-97.0667,15.85,7.0
70,Sivaki,63.64,31.0,8.93,2016477.0,RU,126.75,52.6333,83.0
71,Yellowknife,54.12,54.0,6.91,6185377.0,CA,-114.3525,62.456,20.0
72,Canchungo,80.73,81.0,8.28,2373951.0,GW,-16.0333,12.0672,96.0
73,Östersund,37.85,41.0,14.97,2685750.0,SE,14.6357,63.1792,0.0
74,Fort Nelson,53.94,77.0,10.36,5955902.0,CA,-122.7002,58.8053,75.0
75,Castelo Branco,58.23,92.0,2.08,2269514.0,PT,-7.4909,39.8222,49.0
76,Black River,78.82,86.0,3.8,3491355.0,JM,-77.8487,18.0264,93.0
77,Atuona,81.14,68.0,19.84,4020109.0,PF,-139.0333,-9.8,39.0
78,Birao,80.06,67.0,5.97,240210.0,CF,22.7882,10.2849,79.0
79,Ekhabi,45.18,58.0,17.67,2122614.0,RU,142.9671,53.5102,100.0
80,Barrow,35.62,93.0,4.61,5880054.0,US,-156.7887,71.2906,100.0
81,Hilo,68.72,95.0,4.25,5855927.0,US,-155.09,19.7297,100.0
82,Mehamn,48.15,71.0,2.3,778707.0,NO,27.8492,71.0357,100.0
83,Shingū,78.78,78.0,8.5,1847947.0,JP,135.9833,33.7333,100.0
84,George Town,83.97,76.0,1.14,1735106.0,MY,100.3354,5.4112,20.0
85,Russell,62.98,83.0,4.61,4047434.0,US,-85.1999,32.3502,8.0
86,Sidhi,100.08,23.0,3.67,1256369.0,IN,81.8833,24.4167,16.0
87,Laramie,45.73,72.0,10.36,5830062.0,US,-105.5911,41.3114,58.0
88,Bluff,55.47,84.0,10.09,2206939.0,NZ,168.3333,-46.6,100.0
89,Bayir,61.32,68.0,2.91,304183.0,TR,28.2167,37.2687,94.0
90,Vila Velha,69.94,87.0,1.14,3445026.0,BR,-40.2925,-20.3297,0.0
91,Kapaa,70.7,91.0,7.92,5848280.0,US,-159.319,22.0752,62.0
92,Margate,52.66,72.0,11.01,2643044.0,GB,1.3862,51.3813,46.0
93,Kamaishi,64.81,89.0,1.52,2112444.0,JP,141.8833,39.2667,100.0
94,Stăncuţa,66.6,74.0,12.57,666309.0,RO,27.8333,44.9,94.0
95,Ankang,71.89,89.0,1.9,1789065.0,CN,109.0172,32.68,100.0
96,Port Elizabeth,61.3,91.0,2.3,964420.0,ZA,25.5701,-33.918,75.0
97,Morant Bay,82.02,83.0,2.86,3489440.0,JM,-76.4093,17.8815,95.0
98,São Miguel,75.97,92.0,10.56,3388304.0,BR,-35.3667,-5.4667,25.0
99,Guerrero Negro,59.36,86.0,13.56,4021858.0,MX,-114.0611,27.9769,0.0
100,Husavik,46.04,90.0,9.33,2629833.0,IS,-17.3389,66.0449,100.0
101,Ahipara,63.82,95.0,6.98,2194098.0,NZ,173.1667,-35.1667,5.0
102,Saint Paul Harbor,43.52,77.0,3.22,5866583.0,US,-152.4072,57.79,100.0
103,Mahébourg,79.09,69.0,14.97,934322.0,MU,57.7,-20.4081,40.0
104,Mount Isa,73.17,21.0,10.36,2065594.0,AU,139.5,-20.7333,85.0
105,Te Anau,52.9,95.0,1.92,2181625.0,NZ,167.7167,-45.4167,90.0
106,Alenquer,72.97,98.0,2.75,3407980.0,BR,-54.7383,-1.9417,89.0
107,São Miguel do Araguaia,74.66,52.0,2.1,3448455.0,BR,-50.1628,-13.275,46.0
108,Kriel,50.77,57.0,3.56,987202.0,ZA,29.2253,-26.2739,53.0
109,Marsh Harbour,80.31,75.0,8.55,3571913.0,BS,-77.0636,26.5412,5.0
110,Souillac,79.18,69.0,14.97,933995.0,MU,57.5167,-20.5167,40.0
111,Tigil',61.11,40.0,8.88,2120612.0,RU,158.6667,57.8,13.0
112,Kaeo,63.79,95.0,5.46,2189343.0,NZ,173.7833,-35.1,9.0
113,Cape Town,60.13,73.0,18.41,3369157.0,ZA,18.4232,-33.9258,20.0
114,Cidreira,57.33,70.0,5.55,3466165.0,BR,-50.2056,-30.1811,48.0
115,Khatanga,51.49,69.0,16.62,2022572.0,RU,102.5,71.9667,77.0
116,Karlshamn,54.09,61.0,5.57,2701727.0,SE,14.8619,56.1706,27.0
117,Pevek,31.95,96.0,26.91,2122090.0,RU,170.3133,69.7008,100.0
118,Mar del Plata,42.46,75.0,8.05,3430863.0,AR,-57.5575,-38.0023,0.0
119,Gobabis,59.47,47.0,12.82,3357247.0,NA,18.9667,-22.45,10.0
120,Gaoyou,74.71,86.0,12.53,1810309.0,CN,119.4278,32.7858,100.0
121,Bethel,57.45,71.0,2.46,5282297.0,US,-73.414,41.3712,26.0
122,Santa Maria da Vitória,68.07,58.0,1.28,3450063.0,BR,-44.1886,-13.3947,38.0
123,Banda Aceh,88.5,60.0,17.78,1215502.0,ID,95.3222,5.5577,95.0
124,Georgiyevka,73.44,27.0,13.42,1524243.0,KZ,74.7114,43.0369,0.0
125,Zonguldak,58.05,94.0,0.07,737021.0,TR,31.8333,41.25,100.0
126,Booué,72.25,98.0,0.25,2401495.0,GA,11.9385,-0.0921,98.0
127,Siyabuswa,59.05,65.0,3.69,955313.0,ZA,29.0445,-25.1132,23.0
128,Dunedin,54.81,80.0,5.01,2191562.0,NZ,170.5036,-45.8742,100.0
129,Roald,44.69,81.0,17.27,3141667.0,NO,6.1333,62.5833,75.0
130,Tweed,57.31,66.0,10.0,6170799.0,CA,-77.3162,44.4751,0.0
131,Nanortalik,35.55,99.0,5.95,3421765.0,GL,-45.2371,60.1432,100.0
132,Port Blair,80.64,83.0,5.75,1259385.0,IN,92.75,11.6667,75.0
133,Lubango,58.19,63.0,2.35,3347762.0,AO,13.4925,-14.9172,13.0
134,Shumskiy,68.5,25.0,12.91,1491977.0,RU,99.1328,54.8318,100.0
135,San Cristobal,73.58,90.0,4.99,3628473.0,VE,-72.225,7.7669,81.0
136,Nioro,80.8,70.0,8.23,2412408.0,GM,-15.75,13.35,90.0
137,Thompson,60.96,100.0,3.44,6165406.0,CA,-97.8558,55.7435,100.0
138,Manaus,79.29,89.0,2.3,3663517.0,BR,-60.025,-3.1019,0.0
139,Laguna,57.9,79.0,9.22,5364271.0,US,-121.4238,38.421,0.0
140,Hermanus,54.81,83.0,18.7,3366880.0,ZA,19.2345,-34.4187,50.0
141,Westport,58.39,78.0,3.44,4845585.0,US,-73.3579,41.1415,0.0
142,Dicabisagan,81.61,76.0,7.49,1715015.0,PH,122.4157,17.0818,100.0
143,Newport,50.18,83.0,14.54,2641598.0,GB,-2.9984,51.5877,66.0
144,Tateyama,72.59,91.0,25.59,1850523.0,JP,139.8667,34.9833,100.0
145,Kuznechikha,59.36,58.0,13.06,537760.0,RU,42.3348,57.2161,81.0
146,Poum,74.46,71.0,12.86,2138555.0,NC,164.0167,-20.2333,69.0
147,Chokurdakh,38.44,77.0,11.65,2126123.0,RU,147.9167,70.6333,83.0
148,Coquimbo,56.93,94.0,5.75,3893629.0,CL,-71.3436,-29.9533,100.0
149,Ust-Nera,57.87,47.0,4.18,2120048.0,RU,143.2,64.5667,99.0
150,Kavaratti,86.31,73.0,12.15,1267390.0,IN,72.642,10.5669,66.0
151,Eruwa,74.53,95.0,4.12,2338669.0,NG,3.4167,7.5333,100.0
152,Polyarny,46.53,87.0,8.34,506763.0,RU,33.4478,69.1989,100.0
153,Ribeira Grande,60.78,85.0,7.0,3372707.0,PT,-28.7,38.5167,20.0
154,Kalemie,77.5,64.0,11.88,214974.0,CD,29.1947,-5.9475,65.0
155,Tuktoyaktuk,42.8,65.0,14.97,6170031.0,CA,-133.0374,69.4541,75.0
156,Tomatlán,73.83,91.0,1.45,3981391.0,MX,-105.25,19.9333,3.0
157,Bratca,64.49,68.0,0.96,683837.0,RO,22.6167,46.9333,77.0
158,Chiang Khong,102.45,31.0,3.65,1611197.0,TH,100.4046,20.2613,28.0
159,Gijang,69.53,99.0,6.13,1842966.0,KR,129.2139,35.2442,100.0
160,Vao,71.87,67.0,12.37,2137773.0,NC,167.4833,-22.6667,100.0
161,Marawi,81.75,61.0,8.9,1701054.0,PH,124.2928,7.9986,86.0
162,Kununurra,80.58,19.0,12.66,2068110.0,AU,128.7333,-15.7667,98.0
163,Ponta do Sol,65.53,85.0,5.57,2264557.0,PT,-17.1,32.6667,88.0
164,Vanimo,83.61,75.0,4.54,2084442.0,PG,141.3028,-2.6741,100.0
165,Kenai,43.0,89.0,10.36,5866063.0,US,-151.2583,60.5544,100.0
166,Tarnogskiy Gorodok,62.04,42.0,11.12,484314.0,RU,43.5761,60.4997,64.0
167,Tottori-shi,69.87,94.0,4.61,1849892.0,JP,134.2333,35.5,75.0
168,Baracoa,78.58,85.0,2.26,3567834.0,CU,-74.4958,20.3467,100.0
169,Krasnyy Kholm,56.79,50.0,8.72,541704.0,RU,37.1203,58.0607,1.0
170,Nabire,85.6,70.0,4.65,1634614.0,ID,135.4833,-3.3667,45.0
171,Zaysan,59.67,40.0,13.8,1517060.0,KZ,84.8667,47.4667,25.0
172,New Norfolk,45.0,59.0,4.0,2155415.0,AU,147.0587,-42.7826,10.0
173,Muhos,46.76,64.0,10.2,645765.0,FI,25.9931,64.808,18.0
174,Sabzawār,83.48,18.0,11.5,118063.0,IR,57.6819,36.2126,0.0
175,Catuday,83.71,77.0,19.06,1717787.0,PH,119.8062,16.2923,96.0
176,Enshi,86.9,73.0,3.29,1811720.0,CN,109.4833,30.3,21.0
177,Timiryazevskiy,64.85,42.0,6.29,1489597.0,RU,84.8769,56.49,27.0
178,Aklavik,49.35,57.0,7.85,5882953.0,CA,-135.0107,68.2191,100.0
179,Pochutla,79.83,77.0,2.28,3517970.0,MX,-96.4661,15.7432,11.0
180,Bathsheba,79.41,83.0,8.05,3374083.0,BB,-59.5167,13.2167,20.0
181,Salalah,88.3,65.0,10.94,286621.0,OM,54.0924,17.0151,34.0
182,Airai,64.85,74.0,2.68,1651810.0,TL,125.4092,-8.9266,65.0
183,Fuyang,73.89,85.0,7.54,1810845.0,CN,115.8167,32.9,99.0
184,Makakilo City,72.03,77.0,9.22,5850554.0,US,-158.0858,21.3469,75.0
185,Impfondo,72.34,88.0,1.3,2259655.0,CG,18.0667,1.6381,97.0
186,Anloga,81.99,80.0,9.44,2304548.0,GH,0.8973,5.7947,100.0
187,Chui,46.76,78.0,4.25,3443061.0,UY,-53.4616,-33.6971,51.0
188,Nishihara,85.28,74.0,26.46,1855342.0,JP,127.7558,26.1842,75.0
189,Bariloche,41.45,61.0,4.92,7647007.0,AR,-71.3082,-41.1456,100.0
190,Kristianstad,51.94,82.0,9.22,2699310.0,SE,14.1524,56.0313,0.0
191,Cabo San Lucas,70.99,69.0,3.0,3985710.0,MX,-109.9124,22.8909,1.0
192,Hunchun,78.96,24.0,12.57,2036653.0,CN,130.3581,42.8675,6.0
193,Aykhal,55.74,58.0,1.74,2027296.0,RU,111.5,66.0,100.0
194,Nchelenge,67.19,64.0,3.67,175499.0,ZM,28.734,-9.3451,84.0
195,Hobyo,84.61,66.0,14.12,57000.0,SO,48.5268,5.3505,85.0
196,Pechenga,51.46,62.0,7.29,511865.0,RU,31.1703,69.5259,100.0
197,Hambantota,89.94,79.0,9.22,1244926.0,LK,81.1185,6.1241,20.0
198,Lompoc,55.56,88.0,5.75,5367788.0,US,-120.4579,34.6391,0.0
199,Hasaki,68.4,94.0,10.89,2112802.0,JP,140.8333,35.7333,100.0
200,Departamento de Maldonado,40.39,88.0,3.67,3441890.0,UY,-54.9167,-34.6667,41.0
201,Naze,76.14,86.0,8.46,1855540.0,JP,129.4833,28.3667,51.0
202,Nikolskoye,57.63,56.0,6.6,546105.0,RU,30.7861,59.7035,84.0
203,Dul'durga,67.23,19.0,9.22,2024812.0,RU,113.5931,50.6761,4.0
204,Leh,48.63,30.0,2.77,1264976.0,IN,77.5833,34.1667,98.0
205,Lata,61.07,97.0,0.43,2738381.0,PT,-8.3327,40.1629,85.0
206,Tiksi,38.68,100.0,11.12,2015306.0,RU,128.8694,71.6872,100.0
207,Qaanaaq,12.31,67.0,9.15,3831208.0,GL,-69.3632,77.484,74.0
208,Ilulissat,26.62,59.0,5.75,3423146.0,GL,-51.1,69.2167,100.0
209,Saint-Augustin,35.1,88.0,18.45,6137462.0,CA,-58.6502,51.226,100.0
210,Saskylakh,43.81,98.0,7.02,2017155.0,RU,114.0833,71.9167,81.0
211,Tessalit,83.3,26.0,9.46,2449893.0,ML,1.0114,20.1986,2.0
212,Rayong,89.33,85.0,5.68,1607016.0,TH,101.4333,12.8333,78.0
213,Sur,97.86,38.0,11.3,286245.0,OM,59.5289,22.5667,59.0
214,Bereket,97.11,10.0,16.49,161974.0,TM,55.5154,39.2446,10.0
215,Staraya Kulatka,67.14,56.0,6.73,489164.0,RU,47.6167,52.7167,19.0
216,Roswell,63.07,75.0,5.75,4219934.0,US,-84.3616,34.0232,40.0
217,Santa Luzia,59.34,82.0,0.0,3450144.0,BR,-43.8514,-19.7697,0.0
218,São Filipe,74.86,79.0,7.02,3374210.0,CV,-24.4956,14.8961,92.0
219,San Luis,50.36,58.0,7.61,3837056.0,AR,-66.3356,-33.295,100.0
220,Fairbanks,51.42,84.0,4.61,5861897.0,US,-147.7164,64.8378,100.0
221,Sibolga,86.22,63.0,5.61,1213855.0,ID,98.7792,1.7427,99.0
222,Pahrump,74.91,19.0,5.99,5509851.0,US,-115.9839,36.2083,0.0
223,Narsaq,41.22,97.0,1.59,3421719.0,GL,-46.05,60.9167,100.0
224,Hamilton,57.07,91.0,1.01,4513583.0,US,-84.5333,39.1834,0.0
225,Fortuna,51.58,91.0,0.0,5563839.0,US,-124.1573,40.5982,100.0
226,Ayan,47.21,64.0,3.49,2027316.0,RU,138.1667,56.45,98.0
227,El Dorado,56.3,88.0,5.21,5345659.0,US,-120.5177,38.7666,99.0
228,Leonidovo,49.46,79.0,3.56,2123805.0,RU,142.8667,49.2833,99.0
229,Chicama,70.34,84.0,5.97,3698359.0,PE,-79.1469,-7.8447,98.0
230,Umluj,85.82,70.0,7.56,100926.0,SA,37.2685,25.0213,23.0
231,Acapulco de Juárez,82.22,74.0,3.44,3533462.0,MX,-99.8901,16.8634,40.0
232,Santa Maria,45.68,90.0,4.79,3450083.0,BR,-53.8069,-29.6842,1.0
233,Ubinskoye,60.87,65.0,9.66,1488708.0,RU,79.6802,55.3068,81.0
234,Flinders,65.3,50.0,14.0,6255012.0,AU,150.8552,-34.5833,0.0
235,Broome,54.45,73.0,2.39,5110365.0,US,-75.833,42.2506,24.0
236,Mossamedes,60.57,77.0,9.71,3347019.0,AO,12.1522,-15.1961,10.0
237,Orange Cove,67.41,66.0,6.91,5379533.0,US,-119.3137,36.6244,0.0
238,Barra Patuca,80.17,78.0,2.55,3614835.0,HN,-84.2833,15.8,40.0
239,Arlit,86.45,14.0,9.66,2447513.0,NE,7.3853,18.7369,87.0
240,Chilia Veche,68.05,71.0,11.74,682117.0,RO,29.2833,45.4167,86.0
241,Conde,74.66,100.0,8.05,3385077.0,BR,-34.9075,-7.2597,75.0
242,Bulungu,72.28,94.0,1.97,2316259.0,CD,18.6,-4.55,93.0
243,Baker City,55.13,81.0,3.44,5712169.0,US,-117.8344,44.7749,40.0
244,Rājākhera,97.86,25.0,7.23,1258930.0,IN,78.1714,26.8961,90.0
245,Portland,58.69,74.0,8.05,5746545.0,US,-122.6762,45.5234,0.0
246,Birkeland,50.2,44.0,1.14,3161532.0,NO,8.2323,58.3309,0.0
247,Dvinskoy Bereznik,62.65,32.0,8.03,577240.0,RU,42.7072,62.8551,21.0
248,Jalingo,79.39,75.0,4.18,2336589.0,NG,11.3667,8.8833,94.0
249,Yar-Sale,49.73,54.0,16.24,1486321.0,RU,70.8333,66.8333,51.0
250,Tafresh,74.5,24.0,0.76,113636.0,IR,50.013,34.692,20.0
251,Homer,46.08,75.0,5.75,5864145.0,US,-151.5483,59.6425,100.0
252,Mandalgovi,68.29,12.0,17.96,2030065.0,MN,106.2708,45.7625,100.0
253,Kibala,77.0,74.0,6.58,2425791.0,TD,18.3463,9.1104,99.0
254,Ulladulla,60.76,47.0,11.27,2145554.0,AU,150.4667,-35.35,1.0
255,Sitka,44.49,81.0,9.22,5557293.0,US,-135.33,57.0531,100.0
256,Leningradskiy,32.5,95.0,23.02,2123814.0,RU,178.4167,69.3833,93.0
257,Takāb,69.66,35.0,8.3,113508.0,IR,47.1133,36.4009,71.0
258,Tarancón,55.06,82.0,2.06,3108317.0,ES,-3.0073,40.0085,94.0
259,Goderich,47.91,70.0,7.96,5962442.0,CA,-81.7165,43.7501,7.0
260,Rosa Zarate,73.24,98.0,2.06,3652257.0,EC,-79.4667,0.3333,88.0
261,Luganville,77.92,74.0,6.69,2136150.0,VU,167.1667,-15.5333,13.0
262,Druzhba,58.05,59.0,6.89,709584.0,UA,33.9453,52.0428,0.0
263,Valea lui Mihai,65.91,75.0,2.62,663692.0,RO,22.15,47.5167,68.0
264,Ancud,42.3,86.0,3.44,3899695.0,CL,-73.8203,-41.8697,100.0
265,Matagami,44.64,68.0,5.35,6067747.0,CA,-77.6328,49.7502,5.0
266,Peniche,61.61,91.0,3.6,2264923.0,PT,-9.3811,39.3558,16.0
267,Miraflores,61.27,73.0,1.66,3761194.0,MX,-98.8083,19.2167,88.0
268,Lebu,45.95,83.0,6.6,3883457.0,CL,-73.65,-37.6167,74.0
269,Crawley,49.59,73.0,12.66,2652053.0,GB,-0.1831,51.113,0.0
270,Khonsa,86.0,43.0,4.99,1266668.0,IN,95.5667,27.0167,0.0
271,Yumen,74.93,18.0,27.92,1528998.0,CN,97.2,40.2833,1.0
272,Bubaque,81.1,81.0,17.11,2374583.0,GW,-15.8333,11.2833,87.0
273,Ribas do Rio Pardo,62.82,95.0,3.02,3451399.0,BR,-53.7592,-20.4431,100.0
274,Malbork,59.4,67.0,5.06,3092472.0,PL,19.0266,54.0359,14.0
275,Saint-Leu,77.86,90.0,1.7,6690297.0,RE,55.2833,-21.15,77.0
276,Arkhara,63.48,36.0,12.86,2027487.0,RU,130.0842,49.4212,71.0
277,Tura,92.59,39.0,5.12,1254046.0,IN,90.2201,25.5198,1.0
278,Ingham,55.13,79.0,4.68,4997130.0,US,-84.3833,42.6,89.0
279,Sarandi,62.11,92.0,6.15,3447998.0,BR,-51.8739,-23.4436,95.0
280,Biak,82.2,71.0,6.31,1637001.0,ID,122.8766,-0.9131,79.0
281,Nieuw Amsterdam,77.02,94.0,4.41,3383434.0,SR,-55.0833,5.8833,98.0
282,Boundiali,73.54,87.0,5.77,2290836.0,CI,-6.4869,9.5217,15.0
283,Aitape,84.27,74.0,5.3,2101169.0,PG,142.3475,-3.1374,99.0
284,Manadhoo,84.11,77.0,11.59,1337618.0,MV,73.3833,5.7667,88.0
285,Ca Mau,91.9,53.0,12.35,1586443.0,VN,105.15,9.1769,78.0
286,San Patricio,73.33,80.0,6.06,4726521.0,US,-97.5169,28.017,83.0
287,Portree,47.52,82.0,3.0,2640006.0,GB,-6.1942,57.4129,100.0
288,Srednekolymsk,53.42,39.0,13.96,2121025.0,RU,153.6833,67.45,57.0
289,Zhangaözen,86.38,25.0,13.8,607610.0,KZ,52.8,43.3,60.0
290,Mayo,64.18,80.0,7.0,4362001.0,US,-76.5119,38.8876,75.0
291,Hualmay,69.22,86.0,7.63,3939761.0,PE,-77.6139,-11.0964,93.0
292,Púchov,56.82,70.0,2.62,3057963.0,SK,18.326,49.1249,100.0
293,Hong Kong,89.28,69.0,5.99,1819729.0,HK,114.1577,22.2855,4.0
294,Dzilam González,75.67,86.0,4.45,3529654.0,MX,-88.9333,21.2833,89.0
295,Sistranda,42.76,93.0,33.15,3139597.0,NO,8.834,63.7256,100.0
296,Ondjiva,60.08,56.0,5.39,3346821.0,AO,15.7333,-17.0667,27.0
297,Taguatinga,71.35,53.0,4.61,6319623.0,BR,-46.5711,-12.3857,78.0
298,Evensk,56.89,48.0,3.69,2125693.0,RU,159.2333,61.95,89.0
299,Katsuura,72.64,93.0,20.04,2112309.0,JP,140.3,35.1333,100.0
300,Ambovombe,73.31,62.0,3.69,1079048.0,MG,46.0833,-25.1667,0.0
301,Pisco,68.05,83.0,4.61,3932145.0,PE,-76.2167,-13.7,100.0
302,Lala,85.77,75.0,7.67,1707944.0,PH,123.7458,7.9745,98.0
303,East London,63.54,77.0,4.61,1006984.0,ZA,27.9116,-33.0153,75.0
304,Nyurba,65.26,28.0,3.65,2018735.0,RU,118.3319,63.2842,12.0
305,Baykit,66.79,36.0,5.46,1510689.0,RU,96.37,61.67,98.0
306,Muyezerskiy,50.68,71.0,10.4,524100.0,RU,31.65,63.9333,86.0
307,Umarkot,98.83,33.0,8.32,1162959.0,PK,69.7362,25.3616,40.0
308,Paamiut,33.8,83.0,16.98,3421193.0,GL,-49.6678,61.994,35.0
309,Gberia Fotombu,73.78,97.0,4.9,2409019.0,SL,-11.1667,9.8833,73.0
310,Auki,83.61,74.0,3.11,2109701.0,SB,160.7034,-8.7676,55.0
311,Timmins,51.93,67.0,5.3,6166739.0,CA,-81.3331,48.4669,29.0
312,Pachino,67.51,72.0,3.13,6539213.0,IT,15.0907,36.7186,53.0
313,Arrondissement d'Arcachon,59.05,94.0,1.14,6621469.0,FR,-1.0519,44.5875,0.0
314,Avera,55.63,94.0,3.15,4231997.0,US,-82.5271,33.194,32.0
315,Bonthe,79.3,86.0,2.13,2409914.0,SL,-12.505,7.5264,99.0
316,Songjianghe,71.11,29.0,11.63,2034691.0,CN,127.479,42.1859,66.0
317,Salisbury,49.93,76.0,11.5,2638664.0,GB,-1.7957,51.0693,44.0
318,Xi'an,63.7,97.0,1.07,1790630.0,CN,108.9286,34.2583,100.0
319,Touros,75.02,92.0,10.0,3386213.0,BR,-35.4608,-5.1989,30.0
320,Boda,71.44,85.0,2.24,2388614.0,CF,17.4695,4.3189,100.0
321,Mayumba,74.28,88.0,5.7,2399001.0,GA,10.6554,-3.432,78.0
322,Chul'man,56.71,39.0,2.95,2025261.0,RU,124.9104,56.8479,77.0
323,Tambacounda,87.85,58.0,6.91,2244991.0,SN,-13.7586,13.7539,0.0
324,Bushehr,89.69,45.0,6.91,139817.0,IR,50.8385,28.9684,0.0
325,Port Hardy,50.0,93.0,9.06,6111862.0,CA,-127.4199,50.6996,20.0
326,Shashi,81.23,74.0,7.61,1795816.0,CN,112.2447,30.3072,88.0
327,Grand-Lahou,79.23,86.0,3.6,2288105.0,CI,-5.0242,5.1367,98.0
328,State College,58.71,73.0,1.01,5213681.0,US,-77.86,40.7934,40.0
329,Teguise,61.02,82.0,3.44,2510573.0,ES,-13.564,29.0605,20.0
330,Magdagachi,65.37,30.0,5.19,2020591.0,RU,125.8,53.45,99.0
331,Gaozhou,91.72,54.0,3.56,1810295.0,CN,110.8461,21.9392,47.0
332,Meulaboh,86.23,62.0,5.41,1214488.0,ID,96.1285,4.1363,73.0
333,Río Gallegos,42.85,93.0,5.75,3838859.0,AR,-69.2181,-51.6226,75.0
334,Chaihe,62.58,48.0,8.16,2038198.0,CN,129.7,44.7667,73.0
335,Nikel,51.98,57.0,9.4,522260.0,RU,30.222,69.4128,92.0
336,Beringovskiy,45.1,68.0,15.86,2126710.0,RU,179.3167,63.05,83.0
337,Coyhaique,35.55,87.0,5.75,3894426.0,CL,-72.0662,-45.5752,20.0
338,Vardø,49.98,76.0,10.36,777019.0,NO,31.1107,70.3705,100.0
339,Talnakh,38.21,99.0,10.45,1490256.0,RU,88.3972,69.4865,100.0
340,Faya,70.32,47.0,5.61,110690.0,SA,42.4509,18.3851,69.0
341,Znamenskoye,67.15,58.0,5.19,1485020.0,RU,73.8282,57.1281,84.0
342,Manavgat,64.49,83.0,2.82,304854.0,TR,31.4431,36.7867,100.0
343,Cairns,77.49,52.0,12.66,2172797.0,AU,145.7667,-16.9167,92.0
344,Klaksvík,49.12,88.0,31.34,2618795.0,FO,-6.589,62.2266,89.0
345,Fonte Boa,74.12,97.0,1.12,6319315.0,BR,-66.2662,-2.4959,91.0
346,Piaçabuçu,75.09,84.0,4.81,3454005.0,BR,-36.4344,-10.4056,9.0
347,Havøysund,46.63,78.0,23.87,779622.0,NO,24.6622,70.9963,80.0
348,Boden,50.0,40.0,14.16,606531.0,SE,21.6886,65.8252,7.0
349,Nhulunbuy,81.21,57.0,19.57,2064735.0,AU,136.7667,-12.2333,100.0
350,Kamenka,60.4,64.0,11.36,553766.0,RU,42.7678,51.3223,56.0
351,Kazachinskoye,72.25,22.0,7.76,1504075.0,RU,93.2761,57.6953,42.0
352,Geraldton,79.21,19.0,12.66,2070998.0,AU,114.6,-28.7667,100.0
353,Maxixe,72.45,78.0,3.51,1039536.0,MZ,35.3472,-23.8597,1.0
354,Leon Valley,70.81,80.0,5.75,4705923.0,US,-98.6186,29.4952,20.0
355,Nome,39.27,81.0,23.02,5870133.0,US,-165.4064,64.5011,0.0
356,Manokwari,84.06,75.0,11.68,1636308.0,ID,134.0833,-0.8667,42.0
357,Grand-Santi,73.15,99.0,1.45,3381538.0,GF,-54.3833,4.25,90.0
358,Faanui,82.85,75.0,18.57,4034551.0,PF,-151.75,-16.4833,88.0
359,Clyde River,26.83,80.0,8.05,5924351.0,CA,-68.5914,70.4692,100.0
360,Kosa,73.33,56.0,10.69,544318.0,RU,54.9977,59.9445,56.0
361,Blackwater,71.04,20.0,9.31,2175403.0,AU,148.8833,-23.5833,1.0
362,Assiniboia,57.02,82.0,1.14,5887798.0,CA,-105.9845,49.6334,98.0
363,Bambous Virieux,80.85,65.0,16.11,1106677.0,MU,57.7575,-20.3428,40.0
364,Arona,57.81,81.0,5.75,2521582.0,ES,-16.681,28.0996,20.0
365,Belyy Yar,53.49,82.0,8.95,1510377.0,RU,91.3903,53.6039,40.0
366,San Miguel,73.33,97.0,2.62,3583446.0,SV,-88.1833,13.4833,98.0
367,Maniitsoq,28.04,52.0,5.73,3421982.0,GL,-52.9,65.4167,0.0
368,Freeport,59.76,81.0,4.61,5117949.0,US,-73.5832,40.6576,0.0
369,Constitución,51.13,65.0,7.72,3893726.0,CL,-72.4167,-35.3333,100.0
370,Tarakan,92.7,59.0,5.75,1624725.0,ID,117.6333,3.3,20.0
371,Nirmal,103.71,18.0,5.41,1261288.0,IN,78.35,19.1,38.0
372,Zmeinogorsk,59.29,52.0,5.57,1485042.0,RU,82.195,51.1567,100.0
373,Valparaíso,59.0,61.0,3.44,3868626.0,CL,-71.6273,-33.0393,0.0
374,Caravelas,69.26,95.0,4.16,3466980.0,BR,-39.2481,-17.7125,27.0
375,Torbay,45.5,89.0,14.97,6167817.0,CA,-52.7314,47.6666,75.0
376,Le Port,77.58,90.0,3.44,935616.0,RE,55.2919,-20.9373,77.0
377,Kumul,80.26,20.0,12.24,1529484.0,CN,93.45,42.8,100.0
378,Inverell,59.11,52.0,5.99,2162662.0,AU,151.1167,-29.7833,2.0
379,Tortolì,66.02,72.0,6.91,2522890.0,IT,9.6572,39.9256,20.0
380,Beipiao,82.8,15.0,12.33,2038342.0,CN,120.7792,41.7919,20.0
381,Novo Aripuanã,75.6,87.0,0.11,3663142.0,BR,-60.3797,-5.1206,62.0
382,Akdepe,89.04,10.0,12.77,601551.0,TM,59.3788,42.0551,9.0
383,Pangnirtung,23.09,94.0,1.9,6096551.0,CA,-65.7125,66.1451,100.0
384,Komatipoort,62.06,60.0,5.86,988290.0,ZA,31.9548,-25.4332,5.0
385,Kailua,75.63,77.0,6.91,5847486.0,US,-157.7394,21.4022,40.0
386,Massakory,86.07,50.0,13.8,2428228.0,TD,15.7293,12.996,99.0
387,Byron Bay,64.36,47.0,3.74,2172880.0,AU,153.6167,-28.65,0.0
388,Dawson Creek,53.24,54.0,6.91,5935804.0,CA,-120.2362,55.7666,0.0
389,Port-Gentil,78.76,94.0,5.75,2396518.0,GA,8.7815,-0.7193,40.0
390,Augusto Corrêa,73.53,97.0,2.77,3406961.0,BR,-46.635,-1.0217,99.0
391,Araouane,84.29,28.0,11.45,2460954.0,ML,-3.5265,18.9048,6.0
392,Coahuayana Viejo,78.08,89.0,1.5,4013679.0,MX,-103.6833,18.7333,9.0
393,Mount Gambier,56.79,73.0,7.16,2156643.0,AU,140.7667,-37.8333,90.0
394,Swan River,67.89,68.0,3.44,6160362.0,CA,-101.2676,52.1058,81.0
395,Bima,82.81,70.0,4.27,1648759.0,ID,118.7167,-8.4667,30.0
396,Cherskiy,38.48,68.0,18.23,2126199.0,RU,161.3,68.75,100.0
397,Adrar,79.41,33.0,11.74,2381972.0,MR,-10.0711,20.5022,30.0
398,Egvekinot,32.59,92.0,2.28,4031742.0,RU,-179.1667,66.3167,100.0
399,Comodoro Rivadavia,46.26,49.0,9.22,3860443.0,AR,-67.5,-45.8667,0.0
400,Volchikha,71.47,25.0,7.85,1486983.0,RU,80.3833,52.0333,97.0
401,Paita,75.04,78.0,12.57,3694112.0,PE,-81.1144,-5.0892,93.0
402,Calama,46.89,23.0,19.57,3897347.0,CL,-68.9333,-22.4667,0.0
403,Abalak,79.0,41.0,6.55,1512223.0,RU,68.5944,58.1286,100.0
404,Atar,82.49,31.0,14.63,2381334.0,MR,-13.0499,20.5169,81.0
405,Venado Tuerto,43.77,74.0,7.92,3833062.0,AR,-61.9688,-33.7456,78.0
406,Ostrovnoy,55.78,43.0,18.21,556268.0,RU,39.5131,68.0531,97.0
407,Praia,79.34,44.0,11.5,3374333.0,CV,-23.5087,14.9215,0.0
408,Campoverde,72.75,98.0,0.69,3733380.0,PE,-74.8058,-8.4753,96.0
409,Peebles,45.7,82.0,2.17,2640526.0,GB,-3.1888,55.6519,73.0
410,Ngunguru,62.04,93.0,8.86,2186111.0,NZ,174.5,-35.6167,0.0
411,Haines Junction,44.55,39.0,9.22,5969025.0,CA,-137.5108,60.7522,75.0
412,Chernyshevsk,68.16,20.0,6.15,2025458.0,RU,117.0174,52.5243,53.0
413,Makiyivka,66.34,75.0,11.86,702320.0,UA,37.9258,48.0478,50.0
414,Petropavlovsk-Kamchatskiy,41.59,100.0,6.71,2122104.0,RU,158.6483,53.0452,100.0
415,Los Llanos de Aridane,59.13,78.0,8.05,2514651.0,ES,-17.9182,28.6585,20.0
416,Nuevo Progreso,75.88,68.0,2.06,3522526.0,MX,-97.95,23.1667,23.0
417,Norsup,78.53,70.0,8.28,2135517.0,VU,167.3833,-16.0667,19.0
418,Yulara,70.11,20.0,9.98,6355222.0,AU,130.9889,-25.2406,6.0
419,Hohhot,86.29,17.0,15.66,2036892.0,CN,111.6522,40.8106,0.0
420,Bowen,72.52,47.0,14.97,2174444.0,AU,148.2333,-20.0167,0.0
421,Smoky Lake,57.24,67.0,4.61,6150293.0,CA,-112.4686,54.1169,80.0
422,Angoram,84.9,74.0,1.95,2100765.0,PG,144.0661,-4.0625,91.0
423,Itarema,76.48,90.0,8.34,3393692.0,BR,-39.9167,-2.9248,58.0
424,La Asuncion,80.33,94.0,10.36,3480908.0,VE,-63.8628,11.0333,79.0
425,Berlevåg,44.67,81.0,4.61,780687.0,NO,29.0864,70.8578,100.0
426,Ambilobe,79.48,60.0,2.13,1082243.0,MG,49.05,-13.2,0.0
427,Teya,68.09,28.0,7.78,1489656.0,RU,92.6267,60.3778,43.0
428,Máncora,79.11,73.0,3.2,3695000.0,PE,-81.0475,-4.1078,100.0
429,Crotone,71.55,60.0,8.05,2524881.0,IT,17.1178,39.0851,0.0
430,Sechura,75.33,74.0,13.33,3691954.0,PE,-80.8222,-5.5569,95.0
431,Tarko-Sale,52.84,79.0,10.27,1490085.0,RU,77.785,64.9225,100.0
432,Yerofey Pavlovich,65.7,23.0,4.09,2012938.0,RU,121.9667,53.9667,71.0
433,Doha,101.43,18.0,16.11,290030.0,QA,51.5333,25.2867,0.0
434,Palmer,55.62,80.0,0.0,4946620.0,US,-72.3287,42.1584,0.0
435,Darhan,72.16,24.0,5.39,2031964.0,MN,105.9228,49.4867,52.0
436,Rantauprapat,95.32,39.0,2.3,1214073.0,ID,99.8333,2.1,69.0
437,Arroyo de la Encomienda,53.67,91.0,8.05,3129371.0,ES,-4.7969,41.6096,40.0
438,Keetmanshoop,48.45,52.0,7.18,3356264.0,NA,18.1333,-26.5833,34.0
439,Staryy Nadym,57.09,59.0,21.54,1490918.0,RU,72.6842,65.6118,80.0
440,Beloha,73.53,62.0,2.75,1067565.0,MG,45.05,-25.1667,0.0
441,Kelvington,58.26,90.0,6.35,5990669.0,CA,-103.5343,52.1667,23.0
442,Munger,101.23,23.0,4.99,1262482.0,IN,86.4667,25.3833,0.0
443,Grindavik,46.87,100.0,21.85,3416888.0,IS,-22.4338,63.8424,100.0
444,Kangaatsiaq,23.77,75.0,10.22,3422683.0,GL,-53.4641,68.3065,69.0
445,Omsukchan,51.28,60.0,9.57,2122493.0,RU,155.8,62.5333,98.0
446,Quzhou,93.83,56.0,2.28,1797264.0,CN,118.8686,28.9594,7.0
447,Neijiang,87.48,53.0,5.59,1799491.0,CN,105.0622,29.5835,39.0
448,Bonavista,42.22,97.0,16.93,5905393.0,CA,-53.1147,48.6499,84.0
449,Pauini,75.0,92.0,0.67,3662927.0,BR,-66.9764,-7.7136,95.0
450,Poso,86.88,68.0,6.55,1630723.0,ID,120.7524,-1.3959,24.0
451,Hervey Bay,68.45,38.0,4.25,2146219.0,AU,152.8535,-25.2986,8.0
452,Gambēla,73.85,86.0,0.74,337405.0,ET,34.5833,8.25,89.0
453,Hede,66.88,94.0,11.36,1808744.0,CN,120.2517,33.7681,100.0
454,Alice Springs,67.55,30.0,10.36,2077895.0,AU,133.8833,-23.7,45.0
455,Tazmalt,63.97,78.0,1.63,2477537.0,DZ,4.3989,36.3868,98.0
456,Mangaratiba,68.86,95.0,4.54,3457991.0,BR,-44.0406,-22.9597,100.0
457,Porto-Novo,78.67,87.0,3.8,2392087.0,BJ,2.6036,6.4965,98.0
458,Sabha,78.35,23.0,11.99,2212775.0,LY,14.4283,27.0377,0.0
459,Salinópolis,78.1,87.0,8.61,3389822.0,BR,-47.3561,-0.6136,83.0
460,Riyadh,87.94,26.0,16.46,108410.0,SA,46.7219,24.6877,46.0
461,Jönköping,51.51,76.0,5.75,2702979.0,SE,14.1562,57.7814,0.0
462,Yatou,70.18,73.0,9.66,1786855.0,CN,122.3833,37.15,95.0
463,Jaru,71.38,94.0,4.09,3925040.0,BR,-62.4664,-10.4389,99.0
464,Yashan,90.34,61.0,3.87,1786867.0,CN,109.9419,22.1975,54.0
465,Bamiantong,59.76,55.0,8.61,2038482.0,CN,130.5333,44.9333,79.0
466,Boa Vista,78.78,89.0,4.61,3664980.0,BR,-60.6733,2.8197,40.0
467,Barra do Bugres,69.01,98.0,4.88,3470718.0,BR,-57.1811,-15.0725,100.0
468,Butembo,68.02,60.0,4.14,217562.0,CD,29.2833,0.15,63.0
469,Talaya,53.92,55.0,16.44,2120769.0,RU,152.75,61.3833,93.0
470,Vengurla,91.98,56.0,10.69,1253257.0,IN,73.6333,15.8667,0.0
471,Maracaçumé,72.36,98.0,2.17,3395497.0,BR,-45.9592,-2.0428,99.0
472,Nouadhibou,71.58,56.0,19.57,2377457.0,MR,-17.0347,20.931,90.0
473,La Celia,58.69,99.0,2.04,3679542.0,CO,-76.0167,5.0433,100.0
474,Lüderitz,52.83,77.0,8.61,3355672.0,NA,15.1594,-26.6481,86.0
475,Carutapera,75.24,93.0,5.46,3402648.0,BR,-46.02,-1.195,100.0
476,Yauya,46.99,88.0,1.97,3690733.0,PE,-77.3,-8.9833,73.0
477,Port Said,69.46,79.0,7.85,358619.0,EG,32.2841,31.2565,0.0
478,Sambava,79.66,66.0,10.31,1056899.0,MG,50.1667,-14.2667,1.0
479,Kafanchan,70.02,89.0,1.92,2335713.0,NG,8.3,9.5833,98.0
480,Neftçala,76.57,57.0,11.61,147425.0,AZ,49.2472,39.3742,80.0
481,Yhú,55.35,99.0,4.03,3436595.0,PY,-55.9167,-25.05,14.0
482,Necochea,41.22,64.0,9.64,3430443.0,AR,-58.7368,-38.5473,10.0
483,Muros,60.84,94.0,1.77,3115824.0,ES,-9.0603,42.7762,98.0
484,Linxia Chengguanzhen,75.06,41.0,3.49,1803331.0,CN,103.2064,35.6003,16.0
485,Tripoli,72.1,53.0,12.37,2210247.0,LY,13.1875,32.8752,35.0
486,Ixtapa,74.25,90.0,2.1,4004293.0,MX,-105.2,20.7,42.0
487,Santiago del Estero,56.19,51.0,4.81,3835869.0,AR,-64.2615,-27.7951,93.0
488,Uribia,82.06,74.0,10.63,3666409.0,CO,-72.266,11.7139,100.0
489,Rome,50.18,75.0,0.0,5134295.0,US,-75.4557,43.2128,0.0
490,Xuanzhou,86.0,79.0,7.78,1788081.0,CN,118.7553,30.9525,84.0
491,Arrondissement de Muret,57.29,94.0,1.01,2991152.0,FR,1.25,43.3333,46.0
492,Orlik,62.91,34.0,4.14,1496073.0,RU,99.825,52.5178,59.0
493,Toyoake,71.94,89.0,1.61,1856057.0,JP,137.0137,35.0594,100.0
494,Ibrā’,95.07,25.0,9.46,287832.0,OM,58.5334,22.6906,41.0
495,Ayagoz,63.63,28.0,8.99,1525988.0,KZ,80.4392,47.9714,63.0
496,Deputatsky,38.26,84.0,4.16,2028164.0,RU,139.9,69.3,86.0
497,Moyale,68.38,70.0,8.9,186180.0,KE,39.0584,3.5167,74.0
498,Gresik,83.98,52.0,5.61,1643776.0,ID,112.6561,-7.1539,30.0
499,Tsushima,72.12,95.0,2.19,1849539.0,JP,136.7167,35.1667,100.0
500,Boralday,66.06,30.0,6.71,1526384.0,KZ,76.8594,43.3578,20.0
501,Mahina,78.57,78.0,4.61,4034307.0,PF,-149.489,-17.5065,0.0
502,Ust-Maya,66.27,28.0,6.96,2013918.0,RU,134.5333,60.4167,52.0
503,General Pico,44.91,59.0,9.19,3855075.0,AR,-63.7568,-35.6566,100.0
504,Labuan,89.96,66.0,3.44,1733782.0,MY,115.2417,5.2767,20.0
505,Saint Anthony,65.17,47.0,9.22,5044290.0,US,-93.218,45.0205,0.0
506,Iqaluit,29.93,80.0,5.75,5983720.0,CA,-68.5145,63.7506,100.0
507,Haapiti,77.72,69.0,16.91,4034438.0,PF,-149.8667,-17.5667,32.0
508,Sarankhola,98.98,34.0,4.41,1185239.0,BD,89.7897,22.3082,12.0
509,Odienné,73.42,91.0,4.14,2283016.0,CI,-7.5692,9.51,16.0
510,Miles City,58.17,94.0,6.91,5666176.0,US,-105.8406,46.4083,0.0
511,Daru,79.99,81.0,12.48,2098329.0,PG,143.2092,-9.0763,66.0
512,Umm Kaddadah,81.25,63.0,19.04,364933.0,SD,26.6876,13.6017,73.0
513,Skegness,53.37,72.0,13.11,2637762.0,GB,0.3363,53.1436,93.0
514,Saint-François,56.64,88.0,0.0,2980080.0,FR,3.9054,46.4154,0.0
515,Semey,75.42,17.0,15.66,1519422.0,KZ,80.2275,50.4111,40.0
516,Esperance,70.38,36.0,10.07,2071860.0,AU,121.9,-33.8667,100.0
517,Selkirk,68.45,40.0,7.0,6144054.0,CA,-96.8845,50.1436,58.0
518,Mahajanga,80.67,56.0,13.98,1062663.0,MG,46.3167,-15.7167,0.0
519,Ruwi,100.09,37.0,4.56,287286.0,OM,58.5507,23.5996,49.0
520,Pucallpa,72.88,99.0,0.98,3693345.0,PE,-74.5539,-8.3791,99.0
521,Ginda,78.82,30.0,7.72,1253628.0,IN,78.4932,30.6945,35.0
522,Hare Bay,44.19,95.0,13.71,5970873.0,CA,-54.0148,48.8499,97.0
523,Kabalo,74.89,61.0,5.28,215668.0,CD,26.9167,-6.05,54.0
524,Cockburn Town,81.46,82.0,17.87,3576994.0,TC,-71.1419,21.4612,100.0
525,Kolomyia,60.89,76.0,4.97,705392.0,UA,25.0403,48.5306,22.0
526,Odawara,71.58,86.0,4.92,1854747.0,JP,139.1597,35.2556,100.0
527,Santa Cruz de la Sierra,60.26,82.0,11.5,3904906.0,BO,-63.1667,-17.8,75.0
528,Derzhavīnsk,80.6,27.0,10.07,1524606.0,KZ,66.3167,51.1,87.0
529,Raduzhny,64.83,28.0,11.16,1540356.0,RU,77.475,62.0961,100.0
530,Gulariyā,100.4,20.0,7.56,1283368.0,NP,81.3333,28.2333,64.0
531,Oudtshoorn,52.16,87.0,4.59,967106.0,ZA,22.2014,-33.5907,20.0
532,Ruteng,70.75,65.0,1.05,1629380.0,ID,120.4721,-8.6136,28.0
533,Sokolac,50.58,89.0,1.9,3190385.0,BA,18.8017,43.9397,15.0
534,Jieshi,84.78,71.0,12.93,1805857.0,CN,115.8257,22.8134,27.0
535,Porto Velho,77.05,94.0,0.0,3662762.0,BR,-63.9039,-8.7619,0.0
536,Olinda,74.93,88.0,8.05,3393536.0,BR,-34.8553,-8.0089,75.0
537,Vallenar,65.3,40.0,4.88,3868633.0,CL,-70.7581,-28.5708,100.0
538,Bud,59.99,84.0,3.2,4255151.0,US,-86.1758,39.447,72.0
539,Dhārchula,84.9,33.0,7.23,1272864.0,IN,80.5333,29.85,0.0
540,Mabaruma,74.39,99.0,2.1,3377301.0,GY,-59.7833,8.2,100.0
541,Nemuro,48.06,97.0,4.25,2128975.0,JP,145.575,43.3236,93.0
542,Caucayá,72.55,96.0,0.83,3671437.0,CO,-74.7819,-0.1934,97.0
543,Vanderhoof,52.97,53.0,7.56,6173361.0,CA,-124.0198,54.0166,4.0
544,Maravilha,51.62,97.0,1.95,3457809.0,BR,-53.1725,-26.7608,83.0
545,Nanlong,78.33,77.0,6.58,1799908.0,CN,106.0631,31.3533,92.0
546,Seryshevo,62.29,35.0,13.53,2016942.0,RU,128.3786,51.0933,77.0
547,Les Cayes,77.65,81.0,2.17,3728097.0,HT,-73.75,18.2,72.0
548,Lagoa,61.79,80.0,9.08,3372964.0,PT,-27.9833,39.05,5.0
549,Pacifica,52.84,89.0,11.99,5380420.0,US,-122.4869,37.6138,75.0
550,Northam,52.52,79.0,16.04,2641434.0,GB,-4.2167,51.0333,63.0
551,Rio Grande,57.81,70.0,6.67,3451138.0,BR,-52.0986,-32.035,99.0
552,Gejiu,79.79,41.0,7.61,1810240.0,CN,103.1635,23.306,32.0
553,Opuwo,53.29,47.0,3.18,3354077.0,NA,13.84,-18.0607,7.0
554,La Ronge,62.85,72.0,8.05,6050066.0,CA,-105.2842,55.1001,75.0
555,Yazykovo,74.68,49.0,15.48,468483.0,RU,56.1353,55.2199,100.0
556,Batticaloa,88.68,64.0,6.44,1250161.0,LK,81.6924,7.7102,28.0
557,Khasan,68.65,48.0,1.9,2039557.0,RU,130.6434,42.4308,25.0
558,Kattivākkam,94.06,74.0,12.68,1267433.0,IN,80.3167,13.2167,26.0
559,Arrondissement de Saint-Denis,58.39,81.0,14.97,2980915.0,FR,2.3333,48.9167,0.0
560,Ende,81.86,68.0,6.35,1644932.0,ID,121.6623,-8.8432,19.0
561,Harlingen,72.99,96.0,6.91,4696233.0,US,-97.6961,26.1906,0.0
562,Zhicheng,80.19,75.0,6.24,1784554.0,CN,111.5047,30.2956,91.0
563,Havelock,67.37,91.0,10.36,4470244.0,US,-76.9013,34.8791,100.0
564,Madimba,77.18,76.0,9.37,878141.0,TZ,40.3333,-10.4,4.0
565,Pacific Grove,53.96,86.0,4.61,5380437.0,US,-121.9166,36.6177,100.0
566,Esim,79.61,84.0,3.87,2303611.0,GH,-2.2405,4.8699,94.0
567,Gorontalo,87.69,64.0,10.09,1643837.0,ID,123.0595,0.5412,36.0
568,Vaitape,82.9,74.0,18.63,4033077.0,PF,-151.75,-16.5167,90.0
569,Ottawa,64.83,39.0,19.57,6094817.0,CA,-75.6981,45.4112,0.0
570,Petropavl,76.98,41.0,6.71,1520172.0,KZ,69.1628,54.8753,0.0
571,Bossangoa,72.12,83.0,3.44,2388036.0,CF,17.4552,6.4926,100.0
572,Lavrentiya,34.95,88.0,4.38,4031637.0,RU,-171.0,65.5833,43.0
573,Muskegon,56.62,69.0,3.44,5003136.0,US,-86.1334,43.3,0.0
574,Lālmohan,91.04,54.0,2.57,1185251.0,BD,90.7419,22.3384,2.0
575,Gainesville,62.73,66.0,3.44,4156404.0,US,-82.3248,29.6516,0.0
